,0
0,0.2
1,0.0
2,7.4
3,0.0
4,0.0
5,1.6
6,7.8
7,0.0
8,0.0
9,0.0
10,0.0
11,0.0
12,0.0
13,0.0
14,0.0
15,0.0
16,4.0
17,32.9
18,16.0
19,0.0
20,16.1
21,0.0
22,0.0
23,0.0
24,0.3
25,15.3
26,17.2
27,1.5
28,0.2
29,0.0
30,0.0
31,2.8
32,9.0
33,0.0
34,2.8
35,0.0
36,1.1
37,1.3
38,0.0
39,6.5
40,23.8
41,14.4
42,5.8
43,5.1
44,1.9
45,0.0
46,0.0
47,0.0
48,0.0
49,0.0
50,0.0
51,0.0
52,0.0
53,0.0
54,0.0
55,0.0
56,0.0
57,0.0
58,0.2
59,0.0
60,0.0
61,0.0
62,0.0
63,0.0
64,0.0
65,3.7
66,11.7
67,0.0
68,0.0
69,0.0
70,0.0
71,0.0
72,2.4
73,0.3
74,0.7
75,4.6
76,0.4
77,3.3
78,4.6
79,0.0
80,2.6
81,0.0
82,1.8
83,0.3
84,0.5
85,0.0
86,0.6
87,0.0
88,0.0
89,0.0
90,0.0
91,0.0
92,0.5
93,1.5
94,0.0
95,0.0
96,0.0
97,9.0
98,9.4
99,2.8
100,0.0
101,0.0
102,17.4
103,3.0
104,0.0
105,0.0
106,0.0
107,0.0
108,0.0
109,0.0
110,0.0
111,0.0
112,0.0
113,0.0
114,0.0
115,0.0
116,0.0
117,0.0
118,0.0
119,0.0
120,0.0
121,0.0
122,0.0
123,0.0
124,2.8
125,0.3
126,0.0
127,0.0
128,0.0
129,0.0
130,0.0
131,0.0
132,0.0
133,0.0
134,0.0
135,0.0
136,0.0
137,0.0
138,0.0
139,0.0
140,0.0
141,0.0
142,0.0
143,0.0
144,0.0
145,0.0
146,0.0
147,0.0
148,0.5
149,4.0
150,0.0
151,0.0
152,0.0
153,0.0
154,1.5
155,0.0
156,0.0
157,0.0
158,0.0
159,2.2
160,0.0
161,0.0
162,0.0
163,0.0
164,0.0
165,0.0
166,0.0
167,0.0
168,0.0
169,0.0
170,0.0
171,0.0
172,0.0
173,0.0
174,0.0
175,0.0
176,0.0
177,0.0
178,0.0
179,0.0
180,3.5
181,3.0
182,0.0
183,0.0
184,0.0
185,0.0
186,0.0
187,0.0
188,0.0
189,0.0
190,0.0
191,2.0
192,0.0
193,0.0
194,0.0
195,0.0
196,0.0
197,0.0
198,0.0
199,12.0
200,0.0
201,0.0
202,0.0
203,0.0
204,0.0
205,0.0
206,0.0
207,0.0
208,0.0
209,0.0
210,0.0
211,0.0
212,0.0
213,0.0
214,0.0
215,0.0
216,0.0
217,0.0
218,0.0
219,0.0
220,0.0
221,0.0
222,0.0
223,0.0
224,0.0
225,0.0
226,0.0
227,0.0
228,0.0
229,0.0
230,0.0
231,0.0
232,0.0
233,0.0
234,0.0
235,0.0
236,0.0
237,0.0
238,0.0
239,0.0
240,0.0
241,0.0
242,0.2
243,0.0
244,0.0
245,0.0
246,0.0
247,0.6
248,1.8
249,0.0
250,0.0
251,0.0
252,0.0
253,0.0
254,0.4
255,0.0
256,2.8
257,0.0
258,0.0
259,0.0
260,0.8
261,0.0
262,0.0
263,0.0
264,0.0
265,0.0
266,0.0
267,0.0
268,0.0
269,0.0
270,0.0
271,0.0
272,0.0
273,0.0
274,0.0
275,0.4
276,0.8
277,0.0
278,11.5
279,0.0
280,0.0
281,10.5
282,0.2
283,1.2
284,2.6
285,4.7
286,7.2
287,3.3
288,0.0
289,0.0
290,0.0
291,0.0
292,0.0
293,2.0
294,0.0
295,0.0
296,0.0
297,1.2
298,5.4
299,0.0
300,0.0
301,0.0
302,0.0
303,0.0
304,0.0
305,0.0
306,0.0
307,0.0
308,0.0
309,0.0
310,0.0
311,0.0
312,0.2
313,0.0
314,0.0
315,4.8
316,0.4
317,5.0
318,0.0
319,0.0
320,0.0
321,0.0
322,0.0
323,0.0
324,0.0
325,0.0
326,0.0
327,0.0
328,0.0
329,0.0
330,0.0
331,0.0
332,0.0
333,0.0
334,0.0
335,0.0
336,0.0
337,0.0
338,0.0
339,0.0
340,0.0
341,1.2
342,0.0
343,0.0
344,0.0
345,0.0
346,0.8
347,0.0
348,0.0
349,0.0
350,0.0
351,0.0
352,0.0
353,0.0
354,0.0
355,0.0
356,0.9
357,16.4
358,0.0
359,0.0
360,0.8
361,0.5
362,0.0
363,0.0
364,0.0
365,0.0
366,0.0
367,0.0
368,0.0
369,0.0
370,0.0
371,0.0
372,0.3
373,0.0
374,0.0
375,0.0
376,0.0
377,1.0
378,0.0
379,0.0
380,0.0
381,0.0
382,0.0
383,0.5
384,0.0
385,0.0
386,0.0
387,0.0
388,0.0
389,0.0
390,0.0
391,0.0
392,0.0
393,0.0
394,0.0
395,1.0
396,0.0
397,0.0
398,0.0
399,0.0
400,0.0
401,0.0
402,0.0
403,0.0
404,2.3
405,0.0
406,0.0
407,0.0
408,0.0
409,0.0
410,5.8
411,0.0
412,0.0
413,0.4
414,0.6
415,5.4
416,6.4
417,7.3
418,2.5
419,0.0
420,2.8
421,6.7
422,9.0
423,0.0
424,0.0
425,0.0
426,2.8
427,0.0
428,2.1
429,0.0
430,0.0
431,0.0
432,0.0
433,0.0
434,0.0
435,0.0
436,0.0
437,0.0
438,0.0
439,0.0
440,0.0
441,0.0
442,9.1
443,2.7
444,1.3
445,21.3
446,2.7
447,0.0
448,0.0
449,0.0
450,0.0
451,0.0
452,0.0
453,0.0
454,0.0
455,0.0
456,0.0
457,0.0
458,0.0
459,0.0
460,0.0
461,0.0
462,0.0
463,0.0
464,0.0
465,0.0
466,0.0
467,0.0
468,6.4
469,11.3
470,0.0
471,0.0
472,0.7
473,1.2
474,0.0
475,0.0
476,0.0
477,0.0
478,0.0
479,0.0
480,0.0
481,0.0
482,1.2
483,8.4
484,6.0
485,0.4
486,0.0
487,1.0
488,3.8
489,0.0
490,11.0
491,0.0
492,0.0
493,0.0
494,0.0
495,0.0
496,2.7
497,26.6
498,0.0
499,0.0
500,0.0
501,0.8
502,0.0
503,0.0
504,0.0
505,0.0
506,0.0
507,0.0
508,0.0
509,0.3
510,17.1
511,0.0
512,0.0
513,0.0
514,0.0
515,0.0
516,0.0
517,0.0
518,0.0
519,0.0
520,0.0
521,0.0
522,0.0
523,2.7
524,0.0
525,1.2
526,0.0
527,5.0
528,8.8
529,3.2
530,0.0
531,0.0
532,0.0
533,0.0
534,0.0
535,0.0
536,0.0
537,0.0
538,0.0
539,0.0
540,0.0
541,0.0
542,0.0
543,0.0
544,0.0
545,0.0
546,0.3
547,0.0
548,0.0
549,0.0
550,0.0
551,0.0
552,0.0
553,0.0
554,0.0
555,0.3
556,0.0
557,0.0
558,0.0
559,0.0
560,0.0
561,0.0
562,0.0
563,0.0
564,0.0
565,0.0
566,0.0
567,0.0
568,0.0
569,0.0
570,0.0
571,0.0
572,0.0
573,0.0
574,0.0
575,0.0
576,0.0
577,0.0
578,0.0
579,0.0
580,0.0
581,0.0
582,0.0
583,0.0
584,0.0
585,0.0
586,0.0
587,0.0
588,0.0
589,0.0
590,0.0
591,0.8
592,0.0
593,0.0
594,0.0
595,0.8
596,1.8
597,0.0
598,0.0
599,0.0
600,2.9
601,0.0
602,0.0
603,0.1
604,0.0
605,0.0
606,0.0
607,0.0
608,0.0
609,0.0
610,0.0
611,0.0
612,0.0
613,0.0
614,0.0
615,0.3
616,0.0
617,0.0
618,0.0
619,0.0
620,0.0
621,0.0
622,0.0
623,0.0
624,2.6
625,0.0
626,0.0
627,1.8
628,0.0
629,0.0
630,0.0
631,0.0
632,0.0
633,0.0
634,0.0
635,2.2
636,1.6
637,0.0
638,0.0
639,0.0
640,0.0
641,0.0
642,0.0
643,0.0
644,0.0
645,0.0
646,0.0
647,0.0
648,0.0
649,0.0
650,0.0
651,0.0
652,0.0
653,16.3
654,9.0
655,0.4
656,0.0
657,0.0
658,0.0
659,0.0
660,0.0
661,6.4
662,14.2
663,0.0
664,0.0
665,0.0
666,0.0
667,0.0
668,0.0
669,0.0
670,0.0
671,4.1
672,0.4
673,0.3
674,0.0
675,2.1
676,3.7
677,26.4
678,0.8
679,1.6
680,1.6
681,6.9
682,0.0
683,0.0
684,0.0
685,0.0
686,0.0
687,0.0
688,0.0
689,0.0
690,0.0
691,0.0
692,0.0
693,0.0
694,0.0
695,0.3
696,0.0
697,0.0
698,0.0
699,0.0
700,0.0
701,0.0
702,0.0
703,0.0
704,0.0
705,0.0
706,0.0
707,0.0
708,0.0
709,0.0
710,0.0
711,0.0
712,0.0
713,0.0
714,0.6
715,0.0
716,0.0
717,0.0
718,0.0
719,0.0
720,0.0
721,0.0
722,0.0
723,0.0
724,0.0
725,0.0
726,0.0
727,0.0
728,0.0
729,0.0
730,0.0
731,0.0
732,0.0
733,0.0
734,0.0
735,0.0
736,0.0
737,0.0
738,0.0
739,0.0
740,0.0
741,0.3
742,0.0
743,0.0
744,0.0
745,0.0
746,0.0
747,0.0
748,0.0
749,0.0
750,0.0
751,0.0
752,0.0
753,0.0
754,0.0
755,0.0
756,0.0
757,0.0
758,0.0
759,0.0
760,0.0
761,0.0
762,0.0
763,0.0
764,0.0
765,0.0
766,0.0
767,0.0
768,0.0
769,0.0
770,1.1
771,10.5
772,0.0
773,18.5
774,6.4
775,0.0
776,0.0
777,0.0
778,0.0
779,0.0
780,0.0
781,0.0
782,0.0
783,0.0
784,0.0
785,0.0
786,0.0
787,2.9
788,0.0
789,0.0
790,0.0
791,0.0
792,0.0
793,0.0
794,0.0
795,0.0
796,0.0
797,0.0
798,0.0
799,0.0
800,0.0
801,0.0
802,0.0
803,0.0
804,0.0
805,0.0
806,0.0
807,0.0
808,1.7
809,0.0
810,0.0
811,0.0
812,0.0
813,0.0
814,0.0
815,0.0
816,5.9
817,11.2
818,2.0
819,0.0
820,0.0
821,0.4
822,5.1
823,0.3
824,0.0
825,0.0
826,0.0
827,0.0
828,0.0
829,3.8
830,7.2
831,0.0
832,13.0
833,0.0
834,0.0
835,0.0
836,0.2
837,0.0
838,0.0
839,0.0
840,0.0
841,6.0
842,8.4
843,3.6
844,0.0
845,2.1
846,0.0
847,12.6
848,3.6
849,0.0
850,0.0
851,0.0
852,0.0
853,0.0
854,0.0
855,0.0
856,0.0
857,1.2
858,14.5
859,5.2
860,2.6
861,8.7
862,0.0
863,0.0
864,0.0
865,0.0
866,0.0
867,0.0
868,0.0
869,0.0
870,0.0
871,0.0
872,0.0
873,0.0
874,0.0
875,13.2
876,0.0
877,0.0
878,0.0
879,1.3
880,0.0
881,0.0
882,0.0
883,0.0
884,0.0
885,0.0
886,0.0
887,0.0
888,0.0
889,0.0
890,0.0
891,0.0
892,0.0
893,0.0
894,0.0
895,0.0
896,0.0
897,0.0
898,0.0
899,0.0
900,0.0
901,0.0
902,0.0
903,0.0
904,0.0
905,0.0
906,0.0
907,5.2
908,0.0
909,0.0
910,0.0
911,0.0
912,0.0
913,26.7
914,0.0
915,0.0
916,0.0
917,0.0
918,0.0
919,0.0
920,0.0
921,0.0
922,0.0
923,0.0
924,0.0
925,0.0
926,0.0
927,0.0
928,0.0
929,0.0
930,0.0
931,0.0
932,0.0
933,0.0
934,0.0
935,0.0
936,0.0
937,0.0
938,0.0
939,0.0
940,0.0
941,0.0
942,0.0
943,0.0
944,0.0
945,0.0
946,4.4
947,0.0
948,0.0
949,0.0
950,0.0
951,0.0
952,0.0
953,0.0
954,0.0
955,0.0
956,0.0
957,0.0
958,0.0
959,0.0
960,0.0
961,0.0
962,0.0
963,0.0
964,0.0
965,0.0
966,0.0
967,0.0
968,0.0
969,0.0
970,0.0
971,0.0
972,0.0
973,0.0
974,0.0
975,0.0
976,0.0
977,0.0
978,0.0
979,0.0
980,0.0
981,0.0
982,2.2
983,0.0
984,0.0
985,0.0
986,0.0
987,0.0
988,0.0
989,0.0
990,0.0
991,0.0
992,0.0
993,0.0
994,0.0
995,8.9
996,0.2
997,0.0
998,8.3
999,2.9
1000,1.9
1001,0.0
1002,0.0
1003,0.0
1004,3.1
1005,0.0
1006,0.0
1007,0.0
1008,0.0
1009,0.0
1010,0.0
1011,0.0
1012,0.0
1013,0.0
1014,0.0
1015,0.0
1016,0.0
1017,0.0
1018,0.0
1019,0.0
1020,0.0
1021,0.0
1022,0.0
1023,0.0
1024,0.0
1025,0.0
1026,0.0
1027,0.0
1028,0.0
1029,0.0
1030,0.0
1031,0.0
1032,0.0
1033,0.0
1034,0.0
1035,0.0
1036,0.0
1037,0.0
1038,0.0
1039,0.0
1040,0.0
1041,0.0
1042,0.0
1043,0.0
1044,0.0
1045,0.0
1046,0.0
1047,0.0
1048,0.0
1049,0.0
1050,0.0
1051,0.0
1052,0.0
1053,0.0
1054,4.1
1055,0.0
1056,0.0
1057,0.0
1058,0.0
1059,0.0
1060,0.0
1061,0.0
1062,0.0
1063,0.0
1064,0.0
1065,0.0
1066,0.0
1067,0.0
1068,0.0
1069,0.0
1070,0.0
1071,0.0
1072,0.0
1073,0.0
1074,0.0
1075,0.0
1076,0.0
1077,0.0
1078,0.0
1079,0.0
1080,0.0
1081,13.1
1082,0.0
1083,0.0
1084,2.0
1085,10.2
1086,0.4
1087,0.2
1088,0.0
1089,0.0
1090,9.7
1091,14.9
1092,22.8
1093,8.1
1094,30.0
1095,6.4
1096,0.0
1097,0.0
1098,0.0
1099,0.0
1100,0.0
1101,0.0
1102,0.0
1103,0.0
1104,0.0
1105,0.7
1106,3.0
1107,0.0
1108,1.8
1109,0.3
1110,1.2
1111,5.7
1112,0.0
1113,0.0
1114,0.3
1115,0.0
1116,0.0
1117,0.0
1118,0.0
1119,0.0
1120,0.0
1121,0.0
1122,0.0
1123,0.0
1124,0.0
1125,0.0
1126,0.0
1127,0.0
1128,0.0
1129,0.0
1130,0.0
1131,0.0
1132,0.0
1133,0.0
1134,0.0
1135,0.0
1136,0.0
1137,0.0
1138,0.0
1139,3.4
1140,5.1
1141,18.7
1142,1.0
1143,0.0
1144,0.0
1145,0.0
1146,0.0
1147,0.3
1148,0.0
1149,0.0
1150,5.1
1151,0.0
1152,0.0
1153,0.0
1154,0.0
1155,0.0
1156,0.0
1157,0.0
1158,0.0
1159,0.0
1160,0.0
1161,0.0
1162,0.0
1163,0.0
1164,0.0
1165,0.0
1166,0.0
1167,0.0
1168,0.0
1169,0.0
1170,0.0
1171,0.0
1172,0.0
1173,0.0
1174,0.0
1175,0.0
1176,0.0
1177,0.0
1178,0.0
1179,0.0
1180,0.0
1181,0.0
1182,0.3
1183,1.5
1184,3.3
1185,9.4
1186,1.8
1187,0.0
1188,0.0
1189,11.9
1190,0.0
1191,0.0
1192,0.0
1193,0.0
1194,0.0
1195,0.0
1196,0.0
1197,0.0
1198,0.0
1199,0.0
1200,0.0
1201,0.0
1202,6.3
1203,9.5
1204,0.0
1205,0.0
1206,0.0
1207,0.0
1208,0.0
1209,0.0
1210,0.0
1211,0.3
1212,0.0
1213,0.0
1214,0.0
1215,0.0
1216,0.0
1217,0.0
1218,0.0
1219,0.0
1220,0.0
1221,0.0
1222,0.0
1223,0.0
1224,0.0
1225,0.0
1226,0.0
1227,0.0
1228,0.0
1229,0.0
1230,2.2
1231,2.1
1232,0.0
1233,0.0
1234,0.0
1235,0.0
1236,0.0
1237,0.0
1238,0.0
1239,0.0
1240,11.0
1241,3.1
1242,0.7
1243,21.6
1244,6.5
1245,0.1
1246,0.0
1247,0.0
1248,15.8
1249,5.3
1250,0.0
1251,0.0
1252,0.0
1253,0.0
1254,20.0
1255,0.0
1256,0.0
1257,0.0
1258,0.0
1259,0.0
1260,0.0
1261,0.0
1262,0.0
1263,0.0
1264,0.0
1265,0.0
1266,0.0
1267,0.0
1268,0.0
1269,0.0
1270,0.0
1271,0.2
1272,0.0
1273,0.0
1274,0.0
1275,0.0
1276,0.0
1277,0.0
1278,0.0
1279,12.2
1280,0.0
1281,0.0
1282,0.0
1283,0.0
1284,0.0
1285,0.0
1286,0.0
1287,0.0
1288,0.0
1289,0.0
1290,0.0
1291,0.0
1292,0.0
1293,0.0
1294,0.0
1295,0.0
1296,0.0
1297,0.0
1298,0.0
1299,0.0
1300,0.0
1301,0.0
1302,0.0
1303,0.0
1304,0.0
1305,0.0
1306,0.5
1307,0.0
1308,0.0
1309,0.0
1310,0.0
1311,0.0
1312,0.0
1313,0.0
1314,0.0
1315,0.0
1316,0.0
1317,0.0
1318,0.0
1319,0.0
1320,0.0
1321,0.0
1322,0.0
1323,0.0
1324,0.0
1325,0.0
1326,0.0
1327,0.0
1328,0.0
1329,2.3
1330,5.0
1331,0.0
1332,0.0
1333,1.4
1334,6.6
1335,0.0
1336,0.0
1337,0.0
1338,0.0
1339,0.0
1340,0.0
1341,0.0
1342,0.0
1343,0.0
1344,0.0
1345,0.0
1346,0.0
1347,0.0
1348,2.2
1349,0.0
1350,0.0
1351,0.0
1352,0.0
1353,0.0
1354,0.0
1355,0.0
1356,4.0
1357,2.9
1358,0.0
1359,0.0
1360,0.0
1361,0.0
1362,0.0
1363,12.1
1364,0.0
1365,0.0
1366,0.0
1367,2.7
1368,0.0
1369,0.0
1370,0.0
1371,0.0
1372,0.0
1373,0.0
1374,0.0
1375,0.0
1376,0.0
1377,0.0
1378,0.0
1379,0.0
1380,0.0
1381,2.5
1382,0.0
1383,0.0
1384,0.0
1385,0.0
1386,6.3
1387,3.9
1388,2.9
1389,0.0
1390,0.2
1391,0.0
1392,0.0
1393,0.0
1394,0.0
1395,0.0
1396,0.0
1397,0.0
1398,0.0
1399,0.0
1400,0.0
1401,0.0
1402,0.0
1403,0.0
1404,0.0
1405,40.6
1406,16.0
1407,7.5
1408,0.0
1409,0.0
1410,0.0
1411,1.5
1412,0.0
1413,0.0
1414,0.0
1415,0.0
1416,0.0
1417,0.0
1418,0.0
1419,0.0
1420,0.0
1421,0.0
1422,0.0
1423,0.0
1424,3.0
1425,0.0
1426,2.9
1427,0.0
1428,0.0
1429,0.0
1430,0.0
1431,0.0
1432,0.0
1433,0.0
1434,0.0
1435,0.0
1436,0.0
1437,0.4
1438,0.0
1439,0.0
1440,0.0
1441,0.4
1442,0.0
1443,0.0
1444,0.0
1445,0.0
1446,0.0
1447,0.0
1448,0.0
1449,0.2
1450,0.0
1451,0.0
1452,0.0
1453,0.0
1454,0.0
1455,0.0
1456,0.0
1457,0.0
1458,0.0
1459,0.0
1460,0.0
1461,0.0
1462,0.0
1463,0.0
1464,0.0
1465,0.0
1466,0.0
1467,0.0
1468,0.0
1469,0.0
1470,0.0
1471,0.0
1472,0.0
1473,0.0
1474,0.0
1475,0.0
1476,0.0
1477,0.0
1478,0.0
1479,0.0
1480,0.0
1481,0.0
1482,0.0
1483,0.0
1484,0.0
1485,0.0
1486,0.0
1487,0.0
1488,0.0
1489,0.0
1490,0.0
1491,0.0
1492,0.0
1493,0.0
1494,0.0
1495,0.0
1496,0.0
1497,0.0
1498,0.0
1499,1.2
1500,0.0
1501,0.0
1502,0.0
1503,0.0
1504,0.0
1505,0.0
1506,0.0
1507,0.0
1508,0.0
1509,0.0
1510,0.0
1511,0.0
1512,0.0
1513,0.0
1514,0.0
1515,0.4
1516,4.3
1517,0.0
1518,0.0
1519,0.0
1520,0.0
1521,0.0
1522,0.0
1523,0.0
1524,0.0
1525,0.0
1526,0.0
1527,0.0
1528,0.0
1529,0.0
1530,0.0
1531,0.0
1532,0.0
1533,0.0
1534,0.0
1535,0.0
1536,0.0
1537,0.0
1538,0.0
1539,0.0
1540,0.0
1541,0.0
1542,0.0
1543,0.0
1544,0.0
1545,0.0
1546,0.0
1547,0.0
1548,0.0
1549,0.0
1550,0.0
1551,0.0
1552,0.0
1553,0.0
1554,0.0
1555,0.0
1556,0.0
1557,0.0
1558,0.0
1559,0.0
1560,0.0
1561,0.0
1562,0.0
1563,0.0
1564,0.0
1565,0.0
1566,0.0
1567,11.5
1568,0.0
1569,0.0
1570,9.1
1571,1.4
1572,8.0
1573,0.2
1574,8.8
1575,0.0
1576,0.4
1577,0.0
1578,0.0
1579,2.5
1580,3.5
1581,0.0
1582,0.0
1583,0.0
1584,0.0
1585,0.0
1586,0.0
1587,0.0
1588,0.0
1589,0.0
1590,0.0
1591,0.0
1592,3.0
1593,0.0
1594,1.1
1595,0.0
1596,4.2
1597,0.0
1598,0.0
1599,0.0
1600,1.0
1601,0.0
1602,0.0
1603,0.0
1604,0.0
1605,0.0
1606,0.0
1607,0.0
1608,0.0
1609,0.0
1610,0.0
1611,0.0
1612,0.0
1613,0.0
1614,0.0
1615,0.0
1616,0.0
1617,0.0
1618,0.0
1619,0.0
1620,0.0
1621,0.0
1622,0.0
1623,0.0
1624,0.0
1625,0.0
1626,0.0
1627,0.0
1628,0.0
1629,0.0
1630,0.0
1631,0.0
1632,0.0
1633,0.0
1634,0.0
1635,0.0
1636,0.0
1637,0.0
1638,0.0
1639,0.0
1640,0.0
1641,0.0
1642,0.0
1643,0.2
1644,0.0
1645,0.0
1646,0.0
1647,0.0
1648,0.0
1649,0.0
1650,0.0
1651,0.0
1652,0.0
1653,0.0
1654,0.0
1655,0.0
1656,0.0
1657,0.0
1658,0.0
1659,0.0
1660,0.0
1661,0.0
1662,0.0
1663,0.0
1664,0.0
1665,0.0
1666,0.0
1667,0.0
1668,0.0
1669,0.0
1670,0.0
1671,0.0
1672,0.0
1673,0.0
1674,0.0
1675,0.0
1676,0.0
1677,0.0
1678,0.0
1679,0.1
1680,0.0
1681,0.0
1682,0.0
1683,0.0
1684,0.0
1685,0.0
1686,0.0
1687,0.0
1688,9.7
1689,0.0
1690,0.0
1691,0.0
1692,0.0
1693,0.0
1694,0.2
1695,0.0
1696,0.0
1697,0.0
1698,0.0
1699,0.2
1700,0.0
1701,0.0
1702,0.0
1703,25.4
1704,0.0
1705,0.0
1706,0.0
1707,0.0
1708,0.0
1709,0.0
1710,0.0
1711,0.0
1712,0.0
1713,0.0
1714,0.0
1715,0.0
1716,0.0
1717,0.0
1718,0.0
1719,0.0
1720,0.0
1721,0.0
1722,0.0
1723,0.0
1724,0.0
1725,0.0
1726,0.0
1727,0.0
1728,0.0
1729,0.0
1730,0.0
1731,0.0
1732,8.3
1733,0.0
1734,0.0
1735,0.0
1736,0.0
1737,0.0
1738,0.0
1739,0.0
1740,0.0
1741,0.0
1742,0.0
1743,0.0
1744,0.0
1745,0.0
1746,1.8
1747,0.0
1748,0.0
1749,0.0
1750,0.0
1751,0.0
1752,0.0
1753,0.0
1754,0.0
1755,0.0
1756,0.0
1757,0.0
1758,0.0
1759,0.0
1760,0.0
1761,2.8
1762,4.4
1763,0.0
1764,0.0
1765,0.0
1766,1.1
1767,9.3
1768,8.2
1769,4.4
1770,4.0
1771,0.0
1772,0.0
1773,3.4
1774,0.0
1775,0.0
1776,0.0
1777,0.0
1778,14.3
1779,9.4
1780,1.3
1781,0.1
1782,0.0
1783,0.2
1784,19.8
1785,0.5
1786,0.0
1787,0.0
1788,0.0
1789,0.0
1790,0.0
1791,0.0
1792,0.0
1793,0.0
1794,0.0
1795,0.0
1796,0.0
1797,0.0
1798,0.0
1799,0.0
1800,0.0
1801,0.0
1802,0.0
1803,0.0
1804,0.0
1805,0.0
1806,0.0
1807,1.6
1808,5.0
1809,5.6
1810,0.3
1811,2.3
1812,12.3
1813,0.0
1814,4.7
1815,0.0
1816,0.0
1817,0.0
1818,0.0
1819,0.0
1820,0.0
1821,0.0
1822,0.0
1823,0.0
1824,0.0
1825,0.0
1826,0.2
1827,0.0
1828,0.0
1829,0.0
1830,0.0
1831,0.0
1832,1.8
1833,6.7
1834,0.0
1835,0.0
1836,0.0
1837,0.0
1838,0.0
1839,0.0
1840,0.0
1841,0.0
1842,0.0
1843,0.0
1844,0.0
1845,5.0
1846,1.0
1847,0.0
1848,0.0
1849,0.0
1850,0.0
1851,0.1
1852,0.0
1853,0.0
1854,0.0
1855,0.1
1856,0.0
1857,0.0
1858,0.0
1859,0.0
1860,0.0
1861,0.0
1862,0.0
1863,0.0
1864,0.0
1865,0.0
1866,0.0
1867,0.0
1868,0.0
1869,0.0
1870,0.0
1871,0.0
1872,0.0
1873,0.0
1874,0.0
1875,0.0
1876,0.0
1877,0.0
1878,0.0
1879,0.0
1880,0.0
1881,0.0
1882,0.0
1883,21.0
1884,7.0
1885,0.0
1886,0.0
1887,0.0
1888,0.0
1889,0.0
1890,0.0
1891,0.0
1892,0.0
1893,0.0
1894,0.0
1895,0.0
1896,0.0
1897,0.0
1898,6.6
1899,2.2
1900,2.2
1901,0.6
1902,0.0
1903,0.0
1904,4.8
1905,3.7
1906,2.9
1907,0.0
1908,0.0
1909,3.2
1910,0.0
1911,0.0
1912,0.0
1913,10.6
1914,0.0
1915,0.0
1916,5.1
1917,0.0
1918,0.0
1919,0.1
1920,0.0
1921,0.0
1922,0.0
1923,0.0
1924,0.0
1925,0.0
1926,0.0
1927,0.0
1928,0.0
1929,6.0
1930,8.5
1931,0.6
1932,0.0
1933,0.0
1934,0.0
1935,0.0
1936,0.0
1937,0.0
1938,0.0
1939,0.0
1940,0.0
1941,0.0
1942,0.0
1943,4.2
1944,2.0
1945,6.0
1946,0.4
1947,6.5
1948,4.4
1949,0.5
1950,0.0
1951,3.3
1952,2.3
1953,0.3
1954,6.0
1955,0.0
1956,0.0
1957,0.0
1958,0.0
1959,15.4
1960,9.1
1961,1.0
1962,0.9
1963,8.3
1964,1.9
1965,0.0
1966,4.5
1967,3.0
1968,2.0
1969,0.0
1970,0.0
1971,0.0
1972,2.2
1973,0.0
1974,2.0
1975,0.3
1976,0.0
1977,0.0
1978,1.3
1979,0.0
1980,9.5
1981,9.4
1982,0.0
1983,0.0
1984,3.2
1985,0.0
1986,0.0
1987,0.0
1988,0.0
1989,0.0
1990,0.0
1991,0.0
1992,0.0
1993,0.0
1994,2.5
1995,4.6
1996,0.0
1997,0.0
1998,0.0
1999,0.0
2000,0.0
2001,0.0
2002,0.0
2003,1.9
2004,0.0
2005,0.0
2006,0.0
2007,0.0
2008,0.0
2009,0.0
2010,0.0
2011,0.0
2012,0.0
2013,0.0
2014,0.0
2015,0.0
2016,0.0
2017,0.0
2018,0.0
2019,0.0
2020,0.0
2021,0.0
2022,0.0
2023,0.0
2024,0.0
2025,0.0
2026,0.0
2027,0.0
2028,0.0
2029,0.0
2030,0.0
2031,0.0
2032,0.0
2033,0.0
2034,0.0
2035,0.0
2036,0.0
2037,0.0
2038,0.0
2039,0.0
2040,0.0
2041,0.0
2042,0.0
2043,0.0
2044,0.0
2045,0.0
2046,0.0
2047,0.0
2048,0.0
2049,0.0
2050,0.0
2051,0.2
2052,0.0
2053,0.0
2054,0.0
2055,0.0
2056,0.0
2057,0.0
2058,0.0
2059,0.0
2060,0.6
2061,0.0
2062,0.0
2063,0.0
2064,0.0
2065,0.0
2066,0.0
2067,0.0
2068,0.0
2069,0.0
2070,0.0
2071,0.0
2072,0.0
2073,0.0
2074,0.0
2075,0.0
2076,0.0
2077,0.0
2078,0.0
2079,0.0
2080,0.0
2081,0.0
2082,0.0
2083,0.0
2084,0.0
2085,0.0
2086,0.0
2087,0.0
2088,0.0
2089,0.0
2090,0.0
2091,0.0
2092,0.0
2093,0.0
2094,0.0
2095,0.0
2096,0.0
2097,4.8
2098,0.0
2099,0.0
2100,1.7
2101,4.8
2102,4.4
2103,2.5
2104,0.0
2105,0.0
2106,0.0
2107,0.0
2108,0.0
2109,0.0
2110,0.0
2111,0.0
2112,0.0
2113,0.0
2114,0.0
2115,0.0
2116,0.0
2117,0.0
2118,7.3
2119,0.0
2120,0.0
2121,0.0
2122,0.0
2123,0.0
2124,0.0
2125,5.1
2126,0.0
2127,0.0
2128,0.0
2129,0.0
2130,0.0
2131,3.9
2132,2.0
2133,0.0
2134,5.9
2135,0.0
2136,3.9
2137,16.9
2138,20.7
2139,0.5
2140,1.4
2141,0.0
2142,10.5
2143,32.7
2144,0.0
2145,2.5
2146,0.0
2147,0.3
2148,3.5
2149,0.0
2150,0.6
2151,0.0
2152,0.0
2153,0.0
2154,0.0
2155,0.0
2156,0.0
2157,0.0
2158,0.0
2159,3.8
2160,17.1
2161,0.2
2162,0.7
2163,0.7
2164,0.0
2165,0.0
2166,0.0
2167,0.0
2168,0.0
2169,0.0
2170,0.0
2171,0.0
2172,3.9
2173,0.0
2174,0.0
2175,1.6
2176,0.0
2177,0.0
2178,0.0
2179,0.0
2180,0.6
2181,0.0
2182,0.0
2183,0.0
2184,0.0
2185,0.0
2186,0.0
2187,0.0
2188,0.0
2189,0.0
2190,0.0
2191,0.0
2192,0.0
2193,0.0
2194,0.0
2195,6.4
2196,4.0
2197,0.0
2198,0.0
2199,0.0
2200,0.0
2201,0.0
2202,0.0
2203,0.0
2204,0.0
2205,0.0
2206,0.0
2207,0.8
2208,6.0
2209,0.0
2210,0.8
2211,13.9
2212,12.0
2213,2.0
2214,4.1
2215,0.0
2216,6.2
2217,0.0
2218,0.0
2219,0.0
2220,0.0
2221,0.0
2222,0.0
2223,0.0
2224,0.0
2225,0.0
2226,0.0
2227,0.0
2228,0.0
2229,0.0
2230,7.0
2231,9.9
2232,12.8
2233,2.8
2234,0.0
2235,2.3
2236,0.0
2237,0.0
2238,2.2
2239,1.5
2240,2.0
2241,0.0
2242,1.4
2243,0.0
2244,0.0
2245,0.0
2246,0.0
2247,0.0
2248,0.0
2249,2.5
2250,0.8
2251,0.6
2252,0.0
2253,0.0
2254,0.0
2255,0.0
2256,0.0
2257,0.0
2258,0.0
2259,0.0
2260,0.0
2261,0.0
2262,0.0
2263,0.0
2264,0.0
2265,0.0
2266,0.0
2267,0.0
2268,0.0
2269,4.0
2270,1.8
2271,0.0
2272,1.4
2273,0.0
2274,0.0
2275,0.0
2276,0.0
2277,2.2
2278,0.0
2279,0.0
2280,0.0
2281,0.0
2282,0.0
2283,0.0
2284,0.0
2285,0.5
2286,1.2
2287,0.0
2288,0.8
2289,8.6
2290,0.0
2291,0.0
2292,0.0
2293,0.0
2294,0.0
2295,0.0
2296,0.0
2297,0.0
2298,0.0
2299,0.0
2300,0.0
2301,2.3
2302,17.0
2303,8.1
2304,1.4
2305,7.6
2306,0.0
2307,0.0
2308,0.4
2309,0.0
2310,0.0
2311,0.0
2312,0.2
2313,0.0
2314,9.9
2315,0.0
2316,3.6
2317,0.1
2318,0.0
2319,0.0
2320,0.0
2321,0.0
2322,0.0
2323,2.0
2324,1.8
2325,0.0
2326,13.5
2327,0.0
2328,0.0
2329,0.0
2330,0.0
2331,0.7
2332,0.0
2333,0.0
2334,0.0
2335,0.0
2336,0.0
2337,0.4
2338,0.0
2339,0.0
2340,0.0
2341,0.0
2342,7.4
2343,5.7
2344,7.0
2345,0.0
2346,0.0
2347,0.0
2348,0.0
2349,0.0
2350,0.0
2351,0.0
2352,0.0
2353,0.0
2354,0.0
2355,0.0
2356,0.0
2357,0.0
2358,0.0
2359,0.0
2360,0.0
2361,0.0
2362,0.0
2363,0.0
2364,0.0
2365,0.0
2366,0.0
2367,2.8
2368,0.0
2369,0.0
2370,0.0
2371,0.0
2372,0.0
2373,0.0
2374,0.0
2375,1.0
2376,0.0
2377,0.0
2378,0.0
2379,0.0
2380,0.0
2381,0.0
2382,0.0
2383,0.0
2384,0.0
2385,0.0
2386,0.0
2387,0.0
2388,0.0
2389,0.0
2390,0.0
2391,0.0
2392,0.0
2393,0.0
2394,0.0
2395,0.0
2396,0.0
2397,0.0
2398,0.0
2399,0.0
2400,0.0
2401,0.0
2402,0.0
2403,0.0
2404,0.0
2405,0.0
2406,0.0
2407,0.0
2408,0.0
2409,0.0
2410,0.0
2411,0.0
2412,0.0
2413,0.0
2414,0.0
2415,0.0
2416,0.0
2417,0.0
2418,0.0
2419,0.0
2420,0.0
2421,0.0
2422,0.0
2423,0.0
2424,0.0
2425,0.0
2426,0.0
2427,0.0
2428,0.0
2429,0.0
2430,0.0
2431,0.0
2432,0.0
2433,0.0
2434,0.0
2435,0.0
2436,0.0
2437,0.0
2438,0.0
2439,0.0
2440,0.0
2441,0.0
2442,0.0
2443,0.0
2444,0.0
2445,0.0
2446,0.0
2447,0.0
2448,0.0
2449,0.0
2450,0.0
2451,0.0
2452,0.0
2453,0.0
2454,0.0
2455,0.0
2456,0.0
2457,0.0
2458,0.1
2459,0.0
2460,0.0
2461,0.0
2462,0.0
2463,0.0
2464,0.0
2465,0.0
2466,0.0
2467,0.0
2468,0.0
2469,0.0
2470,0.0
2471,0.0
2472,0.0
2473,0.0
2474,0.0
2475,0.0
2476,0.0
2477,0.0
2478,0.0
2479,0.0
2480,0.0
2481,0.0
2482,0.0
2483,0.0
2484,0.0
2485,0.0
2486,0.0
2487,0.0
2488,0.0
2489,0.0
2490,0.0
2491,0.0
2492,0.0
2493,0.0
2494,0.0
2495,0.0
2496,0.5
2497,6.3
2498,2.0
2499,7.6
2500,0.8
2501,0.0
2502,0.0
2503,0.0
2504,0.0
2505,0.0
2506,0.7
2507,0.3
2508,0.0
2509,0.0
2510,0.0
2511,0.0
2512,0.0
2513,0.0
2514,0.0
2515,0.0
2516,0.0
2517,0.0
2518,0.0
2519,0.0
2520,9.6
2521,5.6
2522,0.0
2523,0.0
2524,0.0
2525,0.0
2526,0.0
2527,0.0
2528,0.0
2529,0.2
2530,6.0
2531,0.0
2532,2.5
2533,0.2
2534,0.0
2535,1.0
2536,0.0
2537,0.0
2538,0.0
2539,0.0
2540,0.0
2541,0.0
2542,0.0
2543,0.0
2544,0.0
2545,0.0
2546,0.0
2547,0.0
2548,7.0
2549,4.0
2550,0.5
2551,0.8
2552,23.3
2553,8.8
2554,11.4
2555,3.2
2556,0.8
2557,3.2
2558,2.0
2559,0.7
2560,0.0
2561,0.0
2562,0.0
2563,3.7
2564,0.0
2565,0.0
2566,0.0
2567,0.0
2568,0.0
2569,0.0
2570,0.0
2571,0.0
2572,0.0
2573,0.0
2574,0.0
2575,0.0
2576,0.0
2577,0.0
2578,0.0
2579,0.0
2580,0.0
2581,0.0
2582,0.0
2583,0.0
2584,1.4
2585,2.6
2586,0.0
2587,0.0
2588,0.0
2589,0.0
2590,0.0
2591,3.2
2592,0.0
2593,0.4
2594,4.5
2595,0.0
2596,0.0
2597,0.0
2598,0.0
2599,4.6
2600,14.8
2601,4.4
2602,7.6
2603,3.0
2604,1.8
2605,0.0
2606,0.5
2607,8.4
2608,0.0
2609,0.0
2610,0.0
2611,4.6
2612,0.0
2613,0.0
2614,0.0
2615,1.6
2616,5.0
2617,0.0
2618,0.0
2619,0.0
2620,0.0
2621,0.0
2622,19.6
2623,0.7
2624,0.0
2625,0.0
2626,0.0
2627,0.2
2628,0.0
2629,0.0
2630,0.0
2631,0.0
2632,0.0
2633,0.3
2634,0.0
2635,0.0
2636,0.0
2637,0.0
2638,0.0
2639,0.0
2640,2.0
2641,0.0
2642,0.0
2643,0.0
2644,0.0
2645,0.0
2646,0.0
2647,0.0
2648,1.9
2649,0.0
2650,0.0
2651,18.4
2652,5.6
2653,0.0
2654,0.0
2655,0.0
2656,4.7
2657,10.4
2658,0.2
2659,0.0
2660,0.0
2661,0.0
2662,0.0
2663,3.8
2664,0.0
2665,0.0
2666,0.0
2667,3.0
2668,0.0
2669,5.5
2670,4.0
2671,1.4
2672,3.8
2673,0.0
2674,0.0
2675,0.0
2676,0.0
2677,0.0
2678,0.0
2679,0.0
2680,0.0
2681,2.0
2682,0.0
2683,0.0
2684,0.0
2685,0.0
2686,0.0
2687,0.0
2688,0.0
2689,0.0
2690,0.0
2691,0.0
2692,0.0
2693,0.0
2694,0.0
2695,3.0
2696,0.0
2697,0.0
2698,9.6
2699,0.0
2700,0.0
2701,0.0
2702,0.0
2703,0.0
2704,0.3
2705,0.0
2706,0.0
2707,0.0
2708,0.0
2709,0.0
2710,0.0
2711,0.0
2712,0.0
2713,0.0
2714,0.0
2715,0.0
2716,0.0
2717,0.0
2718,0.0
2719,0.0
2720,0.0
2721,0.0
2722,0.0
2723,0.0
2724,0.0
2725,0.0
2726,0.0
2727,0.0
2728,0.0
2729,0.0
2730,0.0
2731,0.0
2732,0.0
2733,0.0
2734,0.0
2735,0.0
2736,0.0
2737,0.0
2738,0.0
2739,0.0
2740,0.0
2741,0.0
2742,0.0
2743,0.0
2744,0.0
2745,0.0
2746,0.0
2747,0.0
2748,0.0
2749,0.0
2750,0.0
2751,0.0
2752,0.0
2753,0.0
2754,0.0
2755,0.0
2756,0.0
2757,0.0
2758,0.0
2759,0.0
2760,0.0
2761,0.0
2762,5.0
2763,0.0
2764,0.0
2765,0.0
2766,0.0
2767,0.0
2768,0.0
2769,0.0
2770,0.0
2771,0.0
2772,0.0
2773,0.0
2774,0.0
2775,0.0
2776,0.0
2777,0.0
2778,0.0
2779,0.0
2780,0.0
2781,0.0
2782,0.0
2783,0.0
2784,0.0
2785,0.0
2786,0.0
2787,0.0
2788,0.0
2789,0.0
2790,0.0
2791,0.0
2792,0.0
2793,0.0
2794,0.0
2795,0.0
2796,0.0
2797,0.0
2798,6.6
2799,1.6
2800,0.0
2801,0.0
2802,0.0
2803,0.0
2804,0.0
2805,0.0
2806,0.0
2807,0.0
2808,0.0
2809,0.0
2810,29.9
2811,0.0
2812,0.0
2813,0.0
2814,0.0
2815,1.4
2816,0.0
2817,0.3
2818,0.2
2819,7.6
2820,0.0
2821,1.9
2822,10.2
2823,0.0
2824,0.0
2825,0.0
2826,0.0
2827,0.0
2828,0.0
2829,0.0
2830,0.0
2831,0.0
2832,0.0
2833,1.6
2834,10.0
2835,8.2
2836,2.8
2837,0.0
2838,0.0
2839,0.0
2840,0.2
2841,3.9
2842,0.0
2843,8.1
2844,0.8
2845,3.1
2846,1.0
2847,0.0
2848,0.0
2849,0.0
2850,0.0
2851,0.0
2852,3.0
2853,13.9
2854,0.0
2855,0.0
2856,0.0
2857,0.0
2858,0.0
2859,0.0
2860,0.0
2861,0.0
2862,0.0
2863,0.0
2864,0.0
2865,0.0
2866,0.0
2867,0.0
2868,0.0
2869,0.0
2870,0.0
2871,0.0
2872,0.0
2873,4.3
2874,10.8
2875,0.0
2876,0.0
2877,0.0
2878,0.0
2879,0.0
2880,0.0
2881,1.0
2882,0.0
2883,0.0
2884,0.0
2885,0.0
2886,0.0
2887,0.0
2888,0.0
2889,0.0
2890,0.0
2891,0.0
2892,0.0
2893,0.0
2894,0.0
2895,0.0
2896,0.0
2897,0.0
2898,1.5
2899,0.0
2900,0.0
2901,0.0
2902,0.0
2903,13.6
2904,0.0
2905,0.0
2906,0.0
2907,0.0
2908,0.0
2909,0.0
2910,0.0
2911,3.0
2912,0.0
2913,0.0
2914,0.0
2915,0.0
2916,0.0
2917,0.0
2918,0.0
2919,0.0
2920,0.0
2921,0.0
2922,0.0
2923,0.0
2924,0.0
2925,0.0
2926,0.0
2927,0.0
2928,0.0
2929,0.0
2930,31.6
2931,0.0
2932,2.1
2933,8.5
2934,3.7
2935,0.0
2936,0.0
2937,0.0
2938,0.0
2939,0.0
2940,0.0
2941,0.0
2942,0.0
2943,2.0
2944,0.0
2945,0.0
2946,1.1
2947,10.4
2948,9.5
2949,6.9
2950,5.9
2951,0.0
2952,0.0
2953,0.0
2954,15.0
2955,0.8
2956,0.0
2957,0.0
2958,0.0
2959,0.0
2960,0.0
2961,0.0
2962,7.6
2963,1.9
2964,0.0
2965,0.0
2966,0.0
2967,0.0
2968,11.4
2969,2.8
2970,0.0
2971,0.0
2972,0.0
2973,0.0
2974,0.0
2975,0.8
2976,5.6
2977,2.2
2978,0.0
2979,0.0
2980,0.0
2981,0.0
2982,0.0
2983,0.0
2984,0.0
2985,0.0
2986,0.0
2987,0.0
2988,0.5
2989,0.0
2990,0.0
2991,0.0
2992,0.4
2993,0.0
2994,0.0
2995,0.0
2996,0.0
2997,0.0
2998,0.0
2999,0.0
3000,0.0
3001,0.0
3002,0.0
3003,0.0
3004,0.7
3005,4.7
3006,0.0
3007,0.0
3008,0.0
3009,0.0
3010,0.0
3011,0.0
3012,0.0
3013,8.8
3014,2.9
3015,7.2
3016,0.8
3017,2.4
3018,18.8
3019,2.4
3020,0.0
3021,0.0
3022,0.0
3023,0.0
3024,0.0
3025,0.0
3026,0.0
3027,0.0
3028,0.0
3029,0.0
3030,0.0
3031,0.0
3032,0.0
3033,0.0
3034,2.8
3035,2.9
3036,0.0
3037,0.0
3038,0.0
3039,0.0
3040,0.0
3041,0.0
3042,0.0
3043,0.0
3044,0.0
3045,0.0
3046,0.0
3047,0.0
3048,0.0
3049,0.0
3050,0.0
3051,0.7
3052,0.0
3053,0.0
3054,0.0
3055,0.0
3056,0.0
3057,7.9
3058,3.0
3059,0.0
3060,0.0
3061,0.0
3062,0.0
3063,0.0
3064,6.3
3065,0.0
3066,0.0
3067,0.0
3068,0.0
3069,0.0
3070,0.0
3071,0.0
3072,0.0
3073,0.0
3074,0.0
3075,0.0
3076,0.0
3077,0.0
3078,0.0
3079,0.0
3080,0.0
3081,0.0
3082,0.0
3083,0.0
3084,0.0
3085,3.7
3086,0.2
3087,0.0
3088,0.0
3089,0.0
3090,0.0
3091,0.0
3092,0.0
3093,0.0
3094,0.0
3095,0.0
3096,0.0
3097,0.0
3098,0.0
3099,0.0
3100,1.0
3101,0.0
3102,0.0
3103,0.0
3104,0.0
3105,1.8
3106,0.0
3107,2.0
3108,11.4
3109,8.4
3110,0.0
3111,0.0
3112,0.0
3113,0.0
3114,10.4
3115,17.0
3116,0.7
3117,0.0
3118,0.0
3119,0.0
3120,0.0
3121,0.0
3122,0.0
3123,0.0
3124,0.0
3125,0.0
3126,0.0
3127,6.2
3128,0.0
3129,0.0
3130,0.0
3131,1.0
3132,0.0
3133,0.0
3134,0.0
3135,0.0
3136,0.0
3137,0.0
3138,0.0
3139,0.0
3140,0.0
3141,0.0
3142,0.0
3143,0.0
3144,0.0
3145,0.0
3146,0.0
3147,0.0
3148,0.0
3149,0.0
3150,0.0
3151,0.0
3152,0.0
3153,0.0
3154,0.0
3155,0.0
3156,0.0
3157,0.0
3158,0.0
3159,0.0
3160,0.0
3161,0.0
3162,8.5
3163,6.7
3164,0.0
3165,0.0
3166,0.0
3167,0.0
3168,0.0
3169,0.0
3170,0.0
3171,0.0
3172,0.0
3173,0.0
3174,0.0
3175,0.0
3176,0.0
3177,0.0
3178,0.0
3179,0.0
3180,0.0
3181,0.0
3182,0.0
3183,0.0
3184,1.0
3185,0.0
3186,0.0
3187,0.2
3188,0.0
3189,8.0
3190,0.0
3191,0.0
3192,0.0
3193,0.4
3194,0.0
3195,9.6
3196,0.0
3197,0.3
3198,2.3
3199,2.1
3200,0.0
3201,0.0
3202,0.0
3203,8.0
3204,12.0
3205,1.7
3206,0.0
3207,0.0
3208,1.5
3209,0.6
3210,0.0
3211,0.0
3212,0.0
3213,5.2
3214,0.0
3215,0.0
3216,8.2
3217,0.0
3218,1.8
3219,0.0
3220,0.6
3221,10.7
3222,0.0
3223,0.0
3224,0.0
3225,0.0
3226,0.0
3227,1.4
3228,1.8
3229,0.5
3230,0.0
3231,5.2
3232,38.1
3233,4.5
3234,0.0
3235,0.0
3236,0.0
3237,0.0
3238,0.3
3239,0.0
3240,0.0
3241,0.0
3242,0.0
3243,0.0
3244,0.0
3245,0.0
3246,0.0
3247,0.0
3248,0.0
3249,0.2
3250,0.0
3251,1.2
3252,0.0
3253,0.0
3254,0.0
3255,0.0
3256,0.0
3257,12.6
3258,13.5
3259,6.8
3260,0.9
3261,0.4
3262,0.0
3263,0.0
3264,0.2
3265,7.2
3266,29.5
3267,2.9
3268,3.6
3269,0.0
3270,0.0
3271,0.0
3272,0.0
3273,0.0
3274,0.0
3275,0.0
3276,0.0
3277,0.0
3278,0.0
3279,0.0
3280,0.0
3281,0.0
3282,0.0
3283,0.0
3284,0.0
3285,0.3
3286,4.4
3287,0.0
3288,0.0
3289,0.0
3290,0.0
3291,1.6
3292,0.0
3293,0.0
3294,0.0
3295,0.0
3296,0.0
3297,5.5
3298,2.1
3299,5.6
3300,7.1
3301,3.5
3302,9.3
3303,7.8
3304,0.0
3305,0.0
3306,0.0
3307,0.0
3308,0.0
3309,0.0
3310,0.2
3311,0.0
3312,2.1
3313,7.6
3314,0.0
3315,0.8
3316,0.0
3317,0.0
3318,1.3
3319,0.0
3320,0.3
3321,0.0
3322,0.4
3323,8.4
3324,0.0
3325,0.0
3326,0.0
3327,0.0
3328,0.0
3329,0.0
3330,0.0
3331,0.0
3332,0.0
3333,5.0
3334,4.0
3335,0.0
3336,0.0
3337,0.0
3338,0.0
3339,0.0
3340,0.2
3341,0.0
3342,0.0
3343,0.0
3344,0.0
3345,0.0
3346,0.0
3347,0.0
3348,0.0
3349,0.0
3350,0.0
3351,0.0
3352,0.0
3353,0.0
3354,0.0
3355,0.0
3356,0.0
3357,0.0
3358,0.0
3359,0.0
3360,0.0
3361,0.0
3362,0.0
3363,0.0
3364,0.0
3365,0.0
3366,0.0
3367,0.6
3368,0.0
3369,0.0
3370,0.0
3371,0.0
3372,0.0
3373,0.0
3374,0.0
3375,0.0
3376,0.0
3377,0.0
3378,0.0
3379,13.3
3380,15.5
3381,13.3
3382,2.3
3383,0.1
3384,0.0
3385,1.4
3386,0.0
3387,0.4
3388,12.6
3389,0.0
3390,0.1
3391,0.0
3392,2.5
3393,0.0
3394,0.5
3395,10.0
3396,2.0
3397,0.0
3398,1.6
3399,0.1
3400,0.0
3401,0.4
3402,10.8
3403,2.5
3404,0.0
3405,0.0
3406,0.0
3407,0.0
3408,4.3
3409,1.3
3410,1.8
3411,3.7
3412,6.7
3413,1.0
3414,0.0
3415,0.0
3416,1.0
3417,0.8
3418,1.8
3419,0.7
3420,8.3
3421,0.0
3422,1.4
3423,0.0
3424,0.0
3425,0.0
3426,0.0
3427,0.0
3428,0.0
3429,0.0
3430,0.0
3431,13.4
3432,1.0
3433,0.3
3434,0.0
3435,0.0
3436,0.0
3437,0.0
3438,0.0
3439,0.0
3440,0.0
3441,0.8
3442,0.0
3443,0.0
3444,0.0
3445,2.0
3446,12.4
3447,2.9
3448,0.0
3449,1.2
3450,0.0
3451,18.5
3452,0.0
3453,0.0
3454,0.0
3455,2.0
3456,0.0
3457,0.0
3458,0.0
3459,1.9
3460,26.8
3461,3.8
3462,1.0
3463,0.0
3464,7.2
3465,5.0
3466,0.0
3467,1.8
3468,5.8
3469,0.0
3470,0.0
3471,0.9
3472,2.9
3473,0.0
3474,0.0
3475,0.0
3476,0.0
3477,0.0
3478,0.0
3479,0.0
3480,0.0
3481,0.0
3482,0.0
3483,0.0
3484,0.0
3485,0.0
3486,5.4
3487,0.0
3488,0.0
3489,0.0
3490,0.0
3491,0.0
3492,0.0
3493,0.0
3494,0.0
3495,0.0
3496,0.0
3497,0.0
3498,0.0
3499,0.0
3500,0.0
3501,0.0
3502,0.0
3503,0.0
3504,0.0
3505,0.0
3506,0.0
3507,0.0
3508,0.0
3509,0.0
3510,0.0
3511,0.0
3512,0.0
3513,0.0
3514,0.0
3515,0.0
3516,0.0
3517,0.0
3518,0.0
3519,0.0
3520,0.0
3521,0.0
3522,0.0
3523,0.0
3524,0.0
3525,0.0
3526,0.0
3527,0.0
3528,0.0
3529,0.0
3530,0.0
3531,0.0
3532,0.0
3533,0.0
3534,0.0
3535,0.0
3536,0.0
3537,0.0
3538,0.0
3539,0.0
3540,0.0
3541,0.0
3542,0.0
3543,0.0
3544,0.0
3545,0.0
3546,0.0
3547,0.0
3548,0.0
3549,0.0
3550,0.0
3551,0.0
3552,0.0
3553,0.0
3554,0.0
3555,0.0
3556,0.0
3557,0.0
3558,0.0
3559,0.0
3560,0.0
3561,0.0
3562,0.0
3563,0.0
3564,0.0
3565,0.0
3566,0.0
3567,0.0
3568,0.0
3569,2.2
3570,0.5
3571,1.3
3572,0.0
3573,0.4
3574,35.6
3575,2.8
3576,15.8
3577,8.4
3578,3.1
3579,0.0
3580,0.0
3581,0.0
3582,0.0
3583,0.0
3584,0.0
3585,0.0
3586,0.0
3587,0.0
3588,0.0
3589,0.0
3590,2.2
3591,0.0
3592,0.0
3593,0.7
3594,3.5
3595,0.0
3596,0.0
3597,0.0
3598,3.4
3599,1.3
3600,0.0
3601,0.6
3602,10.1
3603,8.1
3604,0.0
3605,0.0
3606,0.0
3607,0.0
3608,0.0
3609,0.0
3610,0.0
3611,0.0
3612,0.0
3613,0.0
3614,0.0
3615,0.0
3616,2.2
3617,1.0
3618,0.0
3619,0.0
3620,0.0
3621,13.2
3622,0.1
3623,0.0
3624,0.0
3625,0.0
3626,0.0
3627,0.0
3628,0.0
3629,0.0
3630,0.0
3631,0.0
3632,0.0
3633,0.0
3634,0.0
3635,0.0
3636,0.0
3637,0.0
3638,0.0
3639,0.0
3640,0.0
3641,0.0
3642,0.0
3643,0.0
3644,0.0
3645,0.0
3646,0.0
3647,0.0
3648,0.0
3649,0.0
3650,0.0
3651,0.0
3652,0.0
3653,0.0
3654,0.0
3655,0.0
3656,0.0
3657,0.0
3658,4.8
3659,0.0
3660,0.0
3661,0.0
3662,2.4
3663,0.0
3664,0.0
3665,0.0
3666,0.0
3667,0.0
3668,0.0
3669,0.0
3670,0.0
3671,0.1
3672,0.3
3673,0.0
3674,0.0
3675,0.0
3676,0.0
3677,0.0
3678,0.0
3679,0.0
3680,0.0
3681,0.0
3682,0.0
3683,0.0
3684,0.0
3685,0.0
3686,0.0
3687,0.0
3688,0.0
3689,0.0
3690,0.6
3691,11.4
3692,0.3
3693,0.0
3694,0.0
3695,0.0
3696,0.0
3697,0.0
3698,0.0
3699,0.0
3700,0.0
3701,0.0
3702,0.0
3703,0.0
3704,0.0
3705,2.8
3706,3.6
3707,7.0
3708,0.1
3709,0.4
3710,0.1
3711,0.0
3712,0.0
3713,0.0
3714,0.0
3715,0.0
3716,0.0
3717,0.0
3718,0.2
3719,0.0
3720,0.0
3721,0.0
3722,0.0
3723,0.0
3724,0.0
3725,0.0
3726,0.0
3727,0.2
3728,4.7
3729,0.0
3730,0.0
3731,0.0
3732,0.0
3733,0.0
3734,0.0
3735,0.0
3736,0.0
3737,0.0
3738,0.0
3739,3.6
3740,0.0
3741,2.4
3742,0.2
3743,0.0
3744,0.0
3745,4.1
3746,0.3
3747,0.0
3748,0.6
3749,4.7
3750,9.2
3751,0.1
3752,0.0
3753,0.4
3754,0.3
3755,0.2
3756,0.0
3757,0.4
3758,0.0
3759,0.0
3760,0.0
3761,1.0
3762,0.1
3763,0.0
3764,3.3
3765,0.0
3766,3.6
3767,13.0
3768,0.0
3769,0.0
3770,0.0
3771,0.0
3772,0.0
3773,0.0
3774,0.0
3775,0.0
3776,0.0
3777,0.0
3778,0.0
3779,0.0
3780,1.0
3781,0.0
3782,0.0
3783,0.0
3784,0.0
3785,2.2
3786,0.0
3787,0.0
3788,0.0
3789,0.0
3790,0.2
3791,0.0
3792,0.0
3793,2.0
3794,8.9
3795,6.9
3796,32.4
3797,6.0
3798,2.4
3799,5.2
3800,9.9
3801,10.3
3802,0.7
3803,2.3
3804,0.6
3805,5.5
3806,0.0
3807,0.0
3808,0.0
3809,0.0
3810,0.0
3811,0.0
3812,0.0
3813,0.0
3814,0.0
3815,0.0
3816,0.0
3817,1.7
3818,0.0
3819,0.0
3820,0.6
3821,0.0
3822,1.0
3823,0.0
3824,0.0
3825,0.0
3826,0.0
3827,0.0
3828,0.0
3829,0.0
3830,0.0
3831,0.0
3832,0.0
3833,0.0
3834,0.0
3835,0.0
3836,0.0
3837,0.0
3838,0.2
3839,0.0
3840,0.0
3841,0.0
3842,0.0
3843,0.0
3844,0.2
3845,0.0
3846,0.0
3847,0.0
3848,0.0
3849,0.0
3850,0.0
3851,0.0
3852,0.0
3853,2.1
3854,2.4
3855,0.0
3856,0.0
3857,0.0
3858,0.0
3859,0.0
3860,0.0
3861,0.0
3862,0.3
3863,0.0
3864,0.2
3865,0.0
3866,0.6
3867,0.0
3868,0.0
3869,0.0
3870,0.0
3871,0.0
3872,0.0
3873,0.2
3874,0.0
3875,0.0
3876,0.0
3877,0.0
3878,0.0
3879,0.0
3880,0.0
3881,0.0
3882,0.0
3883,0.0
3884,0.0
3885,0.0
3886,0.0
3887,0.0
3888,0.0
3889,0.0
3890,0.0
3891,0.0
3892,0.0
3893,0.0
3894,0.0
3895,0.0
3896,0.0
3897,0.0
3898,0.0
3899,3.5
3900,0.0
3901,0.2
3902,35.8
3903,1.0
3904,0.0
3905,1.2
3906,0.0
3907,0.0
3908,0.0
3909,0.0
3910,0.0
3911,0.0
3912,0.0
3913,0.0
3914,0.0
3915,0.0
3916,0.0
3917,0.0
3918,0.0
3919,0.0
3920,0.0
3921,0.0
3922,0.0
3923,0.0
3924,0.0
3925,0.0
3926,0.0
3927,0.0
3928,0.0
3929,0.0
3930,0.0
3931,0.0
3932,0.0
3933,0.0
3934,0.0
3935,0.0
3936,0.0
3937,0.0
3938,0.0
3939,0.0
3940,0.1
3941,0.3
3942,4.2
3943,0.0
3944,0.0
3945,0.0
3946,0.0
3947,0.0
3948,0.0
3949,0.0
3950,0.0
3951,0.0
3952,1.6
3953,0.0
3954,0.0
3955,0.0
3956,0.0
3957,0.0
3958,0.0
3959,0.0
3960,0.0
3961,0.1
3962,0.0
3963,0.0
3964,0.0
3965,0.0
3966,0.0
3967,0.0
3968,0.0
3969,0.9
3970,6.8
3971,13.5
3972,0.0
3973,5.3
3974,1.9
3975,9.9
3976,2.0
3977,11.9
3978,15.8
3979,11.4
3980,1.0
3981,4.1
3982,8.8
3983,8.9
3984,0.0
3985,0.0
3986,7.3
3987,6.0
3988,0.0
3989,4.3
3990,2.1
3991,7.1
3992,9.2
3993,1.0
3994,1.3
3995,4.6
3996,0.0
3997,0.0
3998,8.6
3999,3.7
4000,1.6
4001,0.3
4002,11.2
4003,7.2
4004,2.2
4005,0.0
4006,0.0
4007,8.8
4008,0.0
4009,0.0
4010,0.0
4011,16.1
4012,10.1
4013,1.8
4014,0.0
4015,0.0
4016,0.0
4017,0.0
4018,3.9
4019,3.5
4020,3.8
4021,0.0
4022,0.0
4023,0.0
4024,0.0
4025,0.0
4026,0.0
4027,0.0
4028,0.0
4029,0.0
4030,0.0
4031,0.0
4032,0.0
4033,0.0
4034,0.0
4035,0.0
4036,0.0
4037,0.0
4038,0.0
4039,0.0
4040,0.0
4041,0.0
4042,0.0
4043,0.0
4044,7.1
4045,0.7
4046,2.4
4047,0.0
4048,6.4
4049,0.0
4050,0.0
4051,0.0
4052,0.0
4053,0.0
4054,0.5
4055,0.0
4056,0.0
4057,0.0
4058,0.0
4059,0.0
4060,0.0
4061,0.0
4062,0.0
4063,0.0
4064,0.0
4065,0.0
4066,0.0
4067,0.0
4068,0.0
4069,0.0
4070,0.0
4071,0.0
4072,0.0
4073,0.0
4074,0.0
4075,0.0
4076,0.0
4077,0.0
4078,0.0
4079,0.0
4080,0.0
4081,0.0
4082,0.0
4083,0.0
4084,0.0
4085,0.0
4086,0.0
4087,4.7
4088,0.0
4089,0.0
4090,0.0
4091,0.0
4092,0.0
4093,0.0
4094,0.0
4095,0.0
4096,0.0
4097,0.0
4098,0.0
4099,9.3
4100,0.0
4101,0.0
4102,0.0
4103,0.0
4104,0.0
4105,0.0
4106,2.2
4107,7.3
4108,7.7
4109,0.0
4110,0.0
4111,3.6
4112,7.1
4113,2.1
4114,0.0
4115,5.9
4116,0.8
4117,0.0
4118,0.0
4119,0.0
4120,0.0
4121,0.0
4122,0.0
4123,0.0
4124,0.0
4125,0.0
4126,0.0
4127,0.0
4128,0.4
4129,0.0
4130,0.0
4131,0.0
4132,2.6
4133,1.6
4134,0.0
4135,0.0
4136,0.1
4137,0.4
4138,0.7
4139,0.0
4140,0.0
4141,0.0
4142,0.0
4143,0.0
4144,0.0
4145,0.0
4146,0.0
4147,0.0
4148,0.0
4149,3.4
4150,0.0
4151,0.0
4152,0.0
4153,6.6
4154,0.0
4155,0.0
4156,0.6
4157,0.0
4158,0.0
4159,0.0
4160,1.4
4161,0.0
4162,1.2
4163,0.7
4164,0.0
4165,0.0
4166,0.0
4167,0.0
4168,0.0
4169,0.0
4170,0.0
4171,0.0
4172,1.9
4173,0.0
4174,0.0
4175,0.0
4176,0.0
4177,0.0
4178,0.0
4179,0.0
4180,0.0
4181,1.3
4182,0.0
4183,0.0
4184,0.0
4185,0.0
4186,0.0
4187,0.0
4188,0.0
4189,0.0
4190,0.0
4191,0.0
4192,0.0
4193,0.7
4194,0.0
4195,0.0
4196,0.0
4197,0.0
4198,0.0
4199,0.0
4200,0.0
4201,0.0
4202,0.0
4203,0.0
4204,0.0
4205,0.0
4206,0.0
4207,0.0
4208,0.0
4209,0.0
4210,0.0
4211,0.0
4212,0.0
4213,0.0
4214,0.0
4215,0.0
4216,0.0
4217,0.0
4218,0.0
4219,0.0
4220,0.0
4221,0.7
4222,0.0
4223,0.0
4224,0.0
4225,4.2
4226,0.0
4227,0.0
4228,0.0
4229,0.0
4230,0.0
4231,2.0
4232,0.0
4233,0.0
4234,0.0
4235,0.0
4236,0.0
4237,0.0
4238,0.0
4239,0.0
4240,0.0
4241,0.0
4242,0.0
4243,0.0
4244,0.0
4245,0.0
4246,0.0
4247,0.0
4248,0.1
4249,16.3
4250,0.0
4251,5.5
4252,0.0
4253,0.0
4254,0.0
4255,0.0
4256,0.0
4257,0.0
4258,0.0
4259,0.0
4260,0.0
4261,0.0
4262,0.0
4263,0.0
4264,0.0
4265,0.0
4266,0.0
4267,0.0
4268,14.3
4269,0.7
4270,0.0
4271,0.0
4272,0.0
4273,0.0
4274,0.0
4275,0.0
4276,1.3
4277,0.0
4278,0.0
4279,0.0
4280,0.0
4281,0.0
4282,0.0
4283,0.0
4284,0.0
4285,0.4
4286,0.0
4287,0.0
4288,0.0
4289,10.0
4290,0.0
4291,0.0
4292,0.0
4293,0.0
4294,0.0
4295,0.0
4296,0.0
4297,0.0
4298,0.0
4299,0.0
4300,0.0
4301,0.0
4302,0.0
4303,0.0
4304,0.5
4305,0.2
4306,1.7
4307,0.0
4308,9.1
4309,0.0
4310,1.3
4311,2.9
4312,15.8
4313,3.5
4314,2.6
4315,0.0
4316,0.0
4317,0.7
4318,0.5
4319,0.0
4320,0.0
4321,2.8
4322,0.0
4323,0.0
4324,0.0
4325,0.0
4326,0.0
4327,0.0
4328,10.1
4329,5.4
4330,0.4
4331,0.0
4332,0.0
4333,0.0
4334,0.0
4335,0.0
4336,0.0
4337,0.0
4338,0.0
4339,0.0
4340,0.0
4341,0.5
4342,5.1
4343,0.0
4344,5.1
4345,4.4
4346,0.0
4347,0.0
4348,0.2
4349,0.0
4350,0.0
4351,0.0
4352,0.0
4353,0.0
4354,0.0
4355,0.0
4356,0.0
4357,0.0
4358,0.4
4359,8.2
4360,0.0
4361,0.0
4362,0.0
4363,0.0
4364,0.0
4365,0.0
4366,0.0
4367,0.0
4368,0.0
4369,0.0
4370,0.0
4371,0.0
4372,0.0
4373,0.0
4374,0.0
4375,0.0
4376,0.0
4377,0.0
4378,0.0
4379,0.0
4380,1.2
4381,0.0
4382,0.4
4383,0.0
4384,0.0
4385,0.0
4386,0.0
4387,0.0
4388,0.0
4389,4.2
4390,0.0
4391,0.0
4392,0.0
4393,2.5
4394,1.2
4395,0.0
4396,0.0
4397,0.0
4398,0.0
4399,0.4
4400,0.0
4401,0.0
4402,0.0
4403,0.0
4404,0.0
4405,0.0
4406,0.0
4407,0.0
4408,0.0
4409,0.0
4410,0.0
4411,0.6
4412,0.0
4413,0.5
4414,4.0
4415,2.7
4416,0.0
4417,0.0
4418,0.0
4419,0.8
4420,0.6
4421,0.0
4422,1.8
4423,0.0
4424,0.0
4425,0.0
4426,0.0
4427,0.0
4428,0.0
4429,7.3
4430,1.1
4431,22.9
4432,0.7
4433,0.0
4434,0.0
4435,0.0
4436,0.0
4437,0.0
4438,0.0
4439,0.0
4440,2.0
4441,12.3
4442,0.0
4443,0.0
4444,0.0
4445,1.0
4446,5.4
4447,6.8
4448,5.9
4449,0.2
4450,3.0
4451,0.0
4452,0.0
4453,6.5
4454,5.6
4455,0.0
4456,0.0
4457,1.0
4458,0.6
4459,0.0
4460,0.0
4461,0.0
4462,0.0
4463,0.0
4464,0.0
4465,0.0
4466,0.0
4467,3.2
4468,0.0
4469,0.0
4470,0.0
4471,0.0
4472,0.0
4473,0.0
4474,0.0
4475,0.0
4476,3.3
4477,0.0
4478,0.0
4479,0.0
4480,0.0
4481,0.0
4482,0.0
4483,0.0
4484,1.2
4485,0.0
4486,14.0
4487,7.7
4488,0.0
4489,0.0
4490,0.0
4491,0.0
4492,0.0
4493,0.0
4494,0.0
4495,0.0
4496,0.0
4497,0.0
4498,0.0
4499,0.0
4500,0.0
4501,0.0
4502,0.0
4503,0.0
4504,0.0
4505,0.0
4506,0.0
4507,0.0
4508,0.0
4509,0.0
4510,0.0
4511,0.0
4512,0.0
4513,0.0
4514,0.0
4515,0.0
4516,0.0
4517,0.0
4518,0.0
4519,0.0
4520,0.0
4521,0.0
4522,0.0
4523,0.0
4524,0.0
4525,0.0
4526,0.0
4527,0.0
4528,0.0
4529,0.0
4530,0.0
4531,1.8
4532,0.0
4533,0.0
4534,0.0
4535,0.0
4536,0.0
4537,0.0
4538,0.0
4539,0.0
4540,0.0
4541,0.0
4542,0.0
4543,0.0
4544,0.0
4545,0.0
4546,0.0
4547,0.0
4548,2.4
4549,0.0
4550,0.0
4551,0.0
4552,0.0
4553,0.0
4554,0.0
4555,0.0
4556,0.0
4557,0.0
4558,0.0
4559,0.0
4560,0.0
4561,0.0
4562,0.0
4563,0.0
4564,3.0
4565,0.0
4566,2.6
4567,0.0
4568,0.0
4569,0.0
4570,0.0
4571,0.0
4572,0.0
4573,0.0
4574,0.0
4575,0.0
4576,0.0
4577,0.0
4578,0.0
4579,0.0
4580,0.0
4581,0.0
4582,0.0
4583,7.4
4584,0.0
4585,0.0
4586,0.0
4587,0.0
4588,0.0
4589,0.0
4590,0.0
4591,0.0
4592,0.0
4593,0.0
4594,0.0
4595,0.0
4596,0.0
4597,0.0
4598,0.0
4599,0.0
4600,0.0
4601,0.0
4602,0.0
4603,0.0
4604,0.0
4605,0.0
4606,0.0
4607,0.0
4608,0.0
4609,0.0
4610,0.0
4611,0.0
4612,0.0
4613,0.0
4614,0.0
4615,0.0
4616,0.0
4617,0.0
4618,0.0
4619,0.0
4620,0.0
4621,0.0
4622,0.0
4623,0.0
4624,0.0
4625,0.0
4626,0.0
4627,0.0
4628,0.0
4629,0.0
4630,0.7
4631,0.0
4632,0.0
4633,0.0
4634,0.0
4635,0.0
4636,0.0
4637,0.0
4638,0.0
4639,0.0
4640,0.0
4641,0.0
4642,0.0
4643,0.0
4644,0.0
4645,0.0
4646,0.8
4647,0.0
4648,0.0
4649,0.2
4650,0.3
4651,0.0
4652,0.0
4653,11.7
4654,0.0
4655,0.0
4656,0.0
4657,0.0
4658,0.0
4659,0.0
4660,0.0
4661,0.0
4662,0.0
4663,0.2
4664,26.9
4665,16.6
4666,1.7
4667,0.3
4668,0.0
4669,0.0
4670,0.0
4671,0.0
4672,0.0
4673,0.0
4674,0.0
4675,0.0
4676,0.0
4677,1.6
4678,0.5
4679,0.2
4680,17.7
4681,0.6
4682,2.0
4683,0.0
4684,0.0
4685,0.0
4686,0.0
4687,0.0
4688,0.0
4689,0.0
4690,3.5
4691,0.0
4692,0.0
4693,0.0
4694,0.0
4695,0.0
4696,0.0
4697,0.0
4698,1.5
4699,0.8
4700,0.0
4701,0.0
4702,0.0
4703,0.0
4704,0.0
4705,0.0
4706,0.0
4707,0.0
4708,0.0
4709,0.0
4710,0.0
4711,0.0
4712,0.0
4713,0.0
4714,1.3
4715,6.8
4716,6.0
4717,0.0
4718,0.5
4719,0.0
4720,0.0
4721,0.0
4722,0.0
4723,1.7
4724,0.6
4725,0.0
4726,0.0
4727,0.0
4728,0.0
4729,0.0
4730,5.8
4731,1.3
4732,0.0
4733,0.0
4734,0.0
4735,0.0
4736,0.0
4737,0.0
4738,0.0
4739,0.0
4740,0.0
4741,0.0
4742,0.0
4743,0.0
4744,0.0
4745,0.0
4746,0.0
4747,0.0
4748,0.0
4749,0.0
4750,0.0
4751,0.0
4752,0.0
4753,0.0
4754,0.6
4755,1.4
4756,1.4
4757,0.0
4758,0.0
4759,0.0
4760,0.0
4761,0.0
4762,0.0
4763,0.0
4764,0.0
4765,0.0
4766,0.0
4767,0.0
4768,0.0
4769,0.0
4770,0.0
4771,0.0
4772,0.0
4773,0.0
4774,0.0
4775,0.0
4776,0.0
4777,0.0
4778,0.0
4779,0.0
4780,0.0
4781,0.0
4782,0.0
4783,0.0
4784,0.0
4785,0.0
4786,0.0
4787,0.0
4788,0.0
4789,0.0
4790,2.2
4791,0.0
4792,0.0
4793,0.0
4794,0.0
4795,0.0
4796,3.9
4797,4.4
4798,0.2
4799,0.0
4800,0.0
4801,0.0
4802,0.2
4803,5.3
4804,0.0
4805,0.0
4806,0.0
4807,0.0
4808,0.1
4809,0.0
4810,0.0
4811,0.0
4812,0.0
4813,0.0
4814,0.0
4815,0.0
4816,0.0
4817,0.0
4818,0.0
4819,0.0
4820,0.0
4821,0.0
4822,0.0
4823,0.0
4824,0.0
4825,0.0
4826,0.0
4827,0.0
4828,0.0
4829,0.0
4830,0.2
4831,0.0
4832,0.0
4833,0.0
4834,0.0
4835,0.0
4836,0.2
4837,7.1
4838,0.1
4839,1.1
4840,8.5
4841,12.1
4842,3.0
4843,0.0
4844,0.4
4845,0.0
4846,0.0
4847,0.0
4848,0.0
4849,0.0
4850,0.0
4851,0.0
4852,0.0
4853,0.0
4854,0.0
4855,0.0
4856,0.0
4857,0.0
4858,0.0
4859,0.0
4860,0.0
4861,0.0
4862,0.0
4863,0.0
4864,0.0
4865,0.0
4866,0.0
4867,0.0
4868,0.0
4869,7.2
4870,0.0
4871,0.0
4872,0.0
4873,0.0
4874,0.4
4875,0.0
4876,0.0
4877,0.0
4878,0.0
4879,0.0
4880,0.0
4881,0.0
4882,0.8
4883,0.0
4884,0.0
4885,0.0
4886,0.0
4887,0.0
4888,3.8
4889,0.0
4890,0.0
4891,4.1
4892,0.0
4893,0.0
4894,0.0
4895,0.0
4896,6.9
4897,14.9
4898,4.0
4899,3.6
4900,2.5
4901,0.3
4902,0.0
4903,0.0
4904,0.0
4905,0.2
4906,0.0
4907,0.7
4908,0.0
4909,0.0
4910,0.0
4911,1.6
4912,10.1
4913,3.0
4914,11.7
4915,6.1
4916,0.0
4917,0.0
4918,0.0
4919,0.0
4920,0.0
4921,11.8
4922,0.0
4923,0.0
4924,0.0
4925,0.0
4926,0.0
4927,0.0
4928,0.0
4929,0.0
4930,0.0
4931,0.0
4932,0.0
4933,0.0
4934,0.0
4935,0.0
4936,0.0
4937,0.0
4938,0.0
4939,0.0
4940,0.0
4941,0.0
4942,0.0
4943,0.0
4944,1.0
4945,0.0
4946,0.0
4947,0.0
4948,0.0
4949,0.0
4950,0.0
4951,0.0
4952,0.0
4953,0.0
4954,0.0
4955,0.0
4956,0.0
4957,0.0
4958,0.3
4959,15.5
4960,0.0
4961,7.1
4962,4.8
4963,0.0
4964,0.0
4965,0.0
4966,0.0
4967,0.0
4968,0.0
4969,0.0
4970,0.0
4971,0.0
4972,0.0
4973,0.0
4974,0.0
4975,0.0
4976,0.0
4977,0.0
4978,9.5
4979,5.5
4980,0.0
4981,0.0
4982,0.0
4983,0.0
4984,0.0
4985,0.0
4986,0.0
4987,0.0
4988,4.1
4989,0.0
4990,0.0
4991,0.3
4992,0.0
4993,0.0
4994,0.0
4995,0.0
4996,0.0
4997,0.0
4998,0.0
4999,0.0
5000,0.0
5001,0.0
5002,0.0
5003,0.0
5004,0.0
5005,0.0
5006,0.0
5007,0.0
5008,0.0
5009,0.0
5010,0.0
5011,0.0
5012,0.0
5013,0.0
5014,0.0
5015,0.0
5016,11.5
5017,14.3
5018,0.0
5019,0.0
5020,0.0
5021,0.0
5022,0.0
5023,0.0
5024,0.0
5025,0.0
5026,0.0
5027,0.0
5028,0.0
5029,6.8
5030,0.2
5031,4.9
5032,14.9
5033,0.0
5034,0.0
5035,0.0
5036,1.5
5037,14.4
5038,0.0
5039,11.9
5040,3.1
5041,0.0
5042,0.0
5043,0.0
5044,0.0
5045,0.0
5046,0.0
5047,0.0
5048,1.1
5049,0.0
5050,6.1
5051,5.7
5052,0.1
5053,0.0
5054,0.0
5055,0.0
5056,0.0
5057,0.0
5058,0.0
5059,0.0
5060,0.0
5061,0.0
5062,0.0
5063,0.0
5064,0.0
5065,0.0
5066,0.0
5067,2.6
5068,0.0
5069,0.0
5070,0.0
5071,0.0
5072,0.0
5073,0.0
5074,0.0
5075,0.0
5076,0.0
5077,0.0
5078,0.0
5079,0.0
5080,0.0
5081,0.0
5082,0.0
5083,0.1
5084,0.0
5085,0.0
5086,11.7
5087,0.0
5088,0.6
5089,0.0
5090,0.0
5091,0.3
5092,0.0
5093,0.0
5094,0.0
5095,0.0
5096,0.0
5097,6.4
5098,0.5
5099,0.0
5100,0.0
5101,0.0
5102,0.0
5103,0.0
5104,0.0
5105,0.0
5106,0.1
5107,4.2
5108,0.1
5109,0.0
5110,0.0
5111,0.0
5112,0.0
5113,0.0
5114,0.0
5115,0.0
5116,0.0
5117,0.0
5118,0.0
5119,0.0
5120,0.0
5121,0.0
5122,0.0
5123,0.0
5124,0.0
5125,0.0
5126,0.0
5127,0.0
5128,0.0
5129,0.0
5130,0.0
5131,0.0
5132,0.0
5133,0.0
5134,0.0
5135,0.0
5136,0.0
5137,0.0
5138,0.0
5139,0.0
5140,0.0
5141,0.0
5142,0.0
5143,0.3
5144,0.0
5145,0.6
5146,0.0
5147,0.0
5148,0.0
5149,0.0
5150,0.3
5151,0.0
5152,0.0
5153,0.8
5154,6.3
5155,18.0
5156,0.0
5157,0.0
5158,0.0
5159,0.0
5160,0.0
5161,0.0
5162,0.0
5163,0.0
5164,0.0
5165,0.0
5166,0.0
5167,0.0
5168,0.0
5169,0.0
5170,0.0
5171,0.0
5172,0.0
5173,0.4
5174,0.0
5175,0.0
5176,0.0
5177,0.0
5178,0.0
5179,0.0
5180,0.0
5181,0.0
5182,0.0
5183,0.8
5184,1.8
5185,11.6
5186,1.8
5187,0.0
5188,0.0
5189,0.0
5190,0.0
5191,0.0
5192,1.0
5193,0.0
5194,0.0
5195,0.9
5196,5.3
5197,0.0
5198,0.0
5199,0.0
5200,0.0
5201,0.0
5202,0.0
5203,0.0
5204,0.0
5205,0.0
5206,0.0
5207,0.0
5208,0.0
5209,0.0
5210,0.0
5211,0.0
5212,0.0
5213,0.0
5214,2.8
5215,2.0
5216,0.2
5217,0.0
5218,0.0
5219,0.0
5220,0.0
5221,0.0
5222,0.0
5223,0.0
5224,0.4
5225,0.0
5226,1.2
5227,5.8
5228,11.3
5229,0.9
5230,1.4
5231,0.0
5232,0.8
5233,0.0
5234,0.4
5235,0.7
5236,0.8
5237,0.5
5238,0.0
5239,0.0
5240,0.0
5241,0.7
5242,2.5
5243,0.0
5244,0.3
5245,0.0
5246,0.6
5247,0.0
5248,0.0
5249,0.0
5250,6.9
5251,0.3
5252,0.0
5253,0.0
5254,0.0
5255,0.0
5256,2.0
5257,28.4
5258,10.7
5259,9.4
5260,0.9
5261,0.0
5262,0.0
5263,0.0
5264,0.0
5265,0.0
5266,0.0
5267,0.0
5268,0.0
5269,22.0
5270,2.5
5271,1.6
5272,2.6
5273,4.4
5274,0.7
5275,0.0
5276,0.0
5277,0.0
5278,0.0
5279,0.0
5280,0.0
5281,0.0
5282,0.8
5283,0.0
5284,0.0
5285,0.0
5286,0.0
5287,0.0
5288,0.0
5289,0.0
5290,0.0
5291,0.0
5292,0.0
5293,0.0
5294,0.0
5295,0.0
5296,0.0
5297,0.0
5298,0.0
5299,0.0
5300,0.0
5301,0.0
5302,0.0
5303,0.0
5304,0.0
5305,0.0
5306,0.0
5307,0.0
5308,0.0
5309,0.0
5310,0.0
5311,0.0
5312,0.0
5313,0.0
5314,0.0
5315,0.0
5316,0.0
5317,0.0
5318,0.0
5319,0.0
5320,0.0
5321,0.0
5322,0.0
5323,0.0
5324,0.0
5325,0.0
5326,0.0
5327,0.0
5328,0.0
5329,0.2
5330,1.8
5331,2.2
5332,0.0
5333,0.0
5334,0.0
5335,0.0
5336,0.0
5337,0.0
5338,0.0
5339,0.0
5340,0.0
5341,0.0
5342,0.0
5343,0.0
5344,0.0
5345,0.1
5346,0.0
5347,0.0
5348,0.0
5349,0.0
5350,0.0
5351,0.0
5352,0.0
5353,0.0
5354,0.0
5355,0.0
5356,0.0
5357,0.0
5358,0.0
5359,0.0
5360,0.0
5361,0.0
5362,0.0
5363,1.0
5364,0.0
5365,0.0
5366,0.0
5367,0.0
5368,0.0
5369,0.0
5370,0.0
5371,0.0
5372,0.0
5373,0.0
5374,0.0
5375,0.0
5376,0.0
5377,15.8
5378,0.0
5379,0.0
5380,0.0
5381,0.0
5382,0.0
5383,0.0
5384,0.0
5385,2.8
5386,0.0
5387,0.0
5388,0.0
5389,0.0
5390,0.0
5391,3.0
5392,0.0
5393,8.5
5394,9.2
5395,33.5
5396,14.8
5397,32.0
5398,4.5
5399,1.0
5400,0.0
5401,6.0
5402,6.7
5403,4.1
5404,0.0
5405,0.0
5406,0.0
5407,0.0
5408,0.0
5409,0.0
5410,1.7
5411,11.9
5412,20.5
5413,0.0
5414,0.0
5415,0.0
5416,0.0
5417,4.5
5418,3.9
5419,4.4
5420,20.2
5421,0.3
5422,0.7
5423,0.0
5424,0.0
5425,0.0
5426,0.0
5427,0.0
5428,0.0
5429,0.0
5430,0.0
5431,0.0
5432,0.0
5433,0.0
5434,0.0
5435,0.0
5436,0.0
5437,0.0
5438,0.0
5439,0.0
5440,0.0
5441,0.0
5442,0.0
5443,0.0
5444,4.2
5445,0.0
5446,2.9
5447,0.0
5448,0.0
5449,0.0
5450,0.0
5451,0.0
5452,0.0
5453,0.0
5454,0.0
5455,0.0
5456,0.0
5457,0.0
5458,0.0
5459,0.0
5460,0.0
5461,1.2
5462,0.0
5463,0.0
5464,0.0
5465,0.0
5466,0.0
5467,0.0
5468,0.0
5469,0.0
5470,0.0
5471,0.0
5472,0.0
5473,0.0
5474,0.0
5475,0.0
5476,0.0
5477,0.0
5478,0.0
5479,0.0
5480,0.0
5481,3.1
5482,0.0
5483,4.9
5484,4.3
5485,0.0
5486,3.0
5487,4.1
5488,0.1
5489,0.0
5490,0.0
5491,0.0
5492,0.0
5493,0.0
5494,0.0
5495,0.0
5496,0.0
5497,0.0
5498,0.0
5499,0.0
5500,0.0
5501,0.0
5502,0.0
5503,0.0
5504,0.0
5505,0.0
5506,0.0
5507,0.0
5508,0.0
5509,0.0
5510,0.0
5511,3.6
5512,5.3
5513,0.0
5514,0.0
5515,0.0
5516,0.5
5517,0.0
5518,0.0
5519,0.0
5520,0.0
5521,0.0
5522,0.0
5523,0.2
5524,0.8
5525,1.2
5526,0.0
5527,0.0
5528,2.0
5529,0.0
5530,0.0
5531,4.1
5532,0.0
5533,0.0
5534,0.0
5535,4.4
5536,8.5
5537,5.0
5538,0.0
5539,0.0
5540,0.0
5541,0.0
5542,0.0
5543,0.0
5544,0.0
5545,0.0
5546,0.0
5547,0.0
5548,0.0
5549,0.0
5550,0.0
5551,0.0
5552,0.0
5553,0.0
5554,0.0
5555,0.0
5556,0.0
5557,0.0
5558,0.0
5559,0.0
5560,0.0
5561,0.0
5562,0.0
5563,0.0
5564,0.0
5565,0.0
5566,0.0
5567,0.0
5568,0.0
5569,0.0
5570,0.0
5571,0.0
5572,0.0
5573,0.0
5574,0.0
5575,0.0
5576,0.0
5577,0.0
5578,0.0
5579,0.0
5580,0.0
5581,0.0
5582,0.0
5583,0.5
5584,0.0
5585,0.0
5586,0.2
5587,4.9
5588,2.6
5589,0.0
5590,2.9
5591,19.8
5592,0.4
5593,0.0
5594,0.0
5595,0.0
5596,0.0
5597,0.0
5598,0.0
5599,0.0
5600,0.0
5601,0.0
5602,3.3
5603,0.0
5604,0.0
5605,4.3
5606,0.0
5607,0.0
5608,0.0
5609,0.0
5610,7.0
5611,17.7
5612,2.0
5613,12.8
5614,4.5
5615,0.0
5616,0.1
5617,8.0
5618,0.0
5619,6.2
5620,0.0
5621,0.0
5622,0.0
5623,0.0
5624,0.0
5625,0.0
5626,0.0
5627,0.0
5628,0.0
5629,0.0
5630,6.8
5631,0.0
5632,0.0
5633,0.0
5634,0.0
5635,0.0
5636,0.0
5637,0.0
5638,0.0
5639,0.0
5640,0.0
5641,0.0
5642,0.0
5643,0.0
5644,0.0
5645,0.0
5646,0.0
5647,0.0
5648,0.0
5649,0.0
5650,0.0
5651,0.0
5652,0.0
5653,0.0
5654,0.0
5655,0.0
5656,0.0
5657,0.0
5658,0.0
5659,0.0
5660,0.0
5661,0.0
5662,0.0
5663,0.0
5664,0.0
5665,0.0
5666,0.0
5667,0.0
5668,0.0
5669,0.0
5670,0.0
5671,0.0
5672,0.0
5673,0.0
5674,0.3
5675,0.1
5676,0.0
5677,0.0
5678,0.0
5679,0.0
5680,0.0
5681,0.0
5682,0.0
5683,0.0
5684,0.0
5685,0.0
5686,0.0
5687,0.0
5688,2.6
5689,0.0
5690,0.0
5691,0.0
5692,0.0
5693,0.0
5694,0.0
5695,0.0
5696,0.0
5697,0.0
5698,0.0
5699,0.0
5700,0.0
5701,0.0
5702,0.0
5703,0.0
5704,0.0
5705,0.0
5706,0.0
5707,0.0
5708,0.0
5709,0.0
5710,0.0
5711,0.0
5712,0.0
5713,0.0
5714,0.0
5715,0.0
5716,0.0
5717,0.0
5718,0.0
5719,0.0
5720,0.0
5721,0.0
5722,0.0
5723,0.0
5724,0.0
5725,0.0
5726,0.0
5727,0.0
5728,0.0
5729,0.0
5730,0.0
5731,0.0
5732,0.0
5733,0.0
5734,0.0
5735,0.0
5736,0.0
5737,0.0
5738,0.0
5739,0.0
5740,0.0
5741,0.0
5742,0.0
5743,0.4
5744,5.7
5745,0.0
5746,0.0
5747,0.0
5748,0.0
5749,3.7
5750,0.0
5751,0.0
5752,0.0
5753,0.0
5754,0.0
5755,0.6
5756,0.1
5757,0.0
5758,0.0
5759,0.0
5760,2.2
5761,0.0
5762,0.0
5763,0.0
5764,0.0
5765,10.5
5766,0.2
5767,0.0
5768,0.0
5769,0.0
5770,0.2
5771,0.7
5772,0.0
5773,3.6
5774,0.0
5775,0.0
5776,0.4
5777,0.0
5778,8.2
5779,0.0
5780,0.0
5781,0.0
5782,0.0
5783,0.0
5784,0.0
5785,5.2
5786,4.0
5787,0.0
5788,9.1
5789,0.0
5790,11.0
5791,1.3
5792,0.0
5793,1.0
5794,0.8
5795,0.0
5796,0.0
5797,0.0
5798,0.0
5799,0.0
5800,0.0
5801,0.0
5802,0.0
5803,0.0
5804,0.0
5805,0.0
5806,0.0
5807,0.0
5808,0.0
5809,0.0
5810,0.0
5811,0.0
5812,0.0
5813,0.0
5814,0.0
5815,0.1
5816,0.0
5817,1.0
5818,0.0
5819,3.0
5820,0.0
5821,0.0
5822,0.0
5823,0.0
5824,0.0
5825,0.0
5826,0.0
5827,0.0
5828,0.0
5829,0.0
5830,1.0
5831,0.0
5832,0.0
5833,0.0
5834,0.0
5835,0.0
5836,0.0
5837,0.0
5838,0.0
5839,0.0
5840,0.0
5841,0.0
5842,0.0
5843,4.0
5844,0.0
5845,0.0
5846,0.0
5847,0.0
5848,0.0
5849,0.0
5850,1.5
5851,1.8
5852,0.0
5853,0.0
5854,0.0
5855,0.0
5856,0.0
5857,0.0
5858,0.0
5859,0.0
5860,3.6
5861,3.7
5862,0.0
5863,0.3
5864,0.0
5865,0.0
5866,0.0
5867,0.0
5868,0.0
5869,0.0
5870,0.0
5871,0.0
5872,0.0
5873,0.0
5874,0.0
5875,0.0
5876,0.0
5877,0.0
5878,0.0
5879,0.0
5880,0.0
5881,0.0
5882,0.0
5883,2.8
5884,0.0
5885,0.8
5886,30.8
5887,2.7
5888,0.0
5889,0.0
5890,0.0
5891,0.7
5892,0.0
5893,0.0
5894,0.0
5895,0.0
5896,0.0
5897,0.0
5898,0.0
5899,0.1
5900,0.0
5901,0.0
5902,0.0
5903,0.0
5904,0.0
5905,0.0
5906,0.0
5907,0.0
5908,0.0
5909,0.0
5910,0.0
5911,0.0
5912,0.3
5913,0.0
5914,0.0
5915,5.5
5916,0.0
5917,0.0
5918,0.0
5919,0.0
5920,0.0
5921,0.0
5922,0.0
5923,0.0
5924,0.0
5925,0.0
5926,0.0
5927,0.0
5928,0.0
5929,0.0
5930,0.0
5931,0.0
5932,0.0
5933,0.0
5934,0.0
5935,0.0
5936,0.0
5937,0.0
5938,0.0
5939,0.0
5940,0.0
5941,0.0
5942,0.0
5943,0.0
5944,0.0
5945,0.0
5946,0.0
5947,0.0
5948,0.0
5949,0.0
5950,0.0
5951,0.0
5952,0.0
5953,0.2
5954,0.0
5955,0.0
5956,0.5
5957,0.0
5958,0.0
5959,0.0
5960,10.0
5961,0.2
5962,0.0
5963,0.0
5964,0.0
5965,14.0
5966,0.0
5967,0.0
5968,0.0
5969,0.0
5970,0.3
5971,13.1
5972,11.8
5973,0.5
5974,4.6
5975,0.0
5976,0.0
5977,0.2
5978,0.0
5979,0.0
5980,0.0
5981,0.4
5982,0.0
5983,0.0
5984,0.0
5985,0.0
5986,0.0
5987,0.0
5988,0.0
5989,0.0
5990,0.0
5991,0.0
5992,0.0
5993,0.0
5994,0.0
5995,0.0
5996,0.0
5997,0.0
5998,0.0
5999,0.0
6000,0.0
6001,15.7
6002,1.0
6003,12.2
6004,2.3
6005,0.0
6006,0.0
6007,0.0
6008,0.0
6009,0.8
6010,0.0
6011,0.0
6012,0.0
6013,0.0
6014,0.0
6015,0.0
6016,0.2
6017,0.0
6018,21.3
6019,8.2
6020,0.0
6021,4.3
6022,0.0
6023,3.3
6024,10.0
6025,0.0
6026,0.0
6027,0.0
6028,0.0
6029,0.0
6030,0.0
6031,0.0
6032,0.0
6033,0.0
6034,6.4
6035,0.0
6036,0.0
6037,0.0
6038,0.0
6039,0.0
6040,0.0
6041,0.0
6042,0.0
6043,0.0
6044,0.0
6045,0.0
6046,0.0
6047,0.0
6048,0.0
6049,0.0
6050,0.0
6051,0.0
6052,0.0
6053,0.0
6054,0.0
6055,0.0
6056,0.0
6057,0.0
6058,0.0
6059,0.0
6060,0.0
6061,0.0
6062,0.0
6063,0.0
6064,2.2
6065,1.9
6066,0.0
6067,0.0
6068,0.0
6069,0.0
6070,0.0
6071,0.0
6072,0.0
6073,0.0
6074,0.0
6075,0.0
6076,0.4
6077,0.0
6078,0.0
6079,0.0
6080,0.0
6081,0.0
6082,0.0
6083,0.0
6084,0.0
6085,0.0
6086,0.0
6087,0.0
6088,0.0
6089,0.0
6090,0.4
6091,1.2
6092,0.0
6093,0.0
6094,0.0
6095,0.0
6096,0.0
6097,0.0
6098,0.0
6099,0.0
6100,0.0
6101,0.0
6102,0.0
6103,8.8
6104,5.0
6105,0.0
6106,0.0
6107,0.0
6108,0.0
6109,0.0
6110,0.0
6111,0.0
6112,0.0
6113,0.0
6114,0.0
6115,0.0
6116,0.0
6117,0.0
6118,0.0
6119,0.0
6120,0.0
6121,0.0
6122,0.0
6123,0.0
6124,0.0
6125,0.0
6126,0.0
6127,0.0
6128,0.0
6129,0.0
6130,4.0
6131,0.0
6132,0.0
6133,0.0
6134,0.0
6135,0.0
6136,0.0
6137,0.0
6138,0.0
6139,1.0
6140,1.9
6141,0.0
6142,0.0
6143,0.0
6144,0.0
6145,0.0
6146,0.0
6147,0.0
6148,0.0
6149,0.0
6150,0.0
6151,0.0
6152,0.0
6153,0.0
6154,0.0
6155,0.0
6156,0.9
6157,17.6
6158,7.7
6159,2.1
6160,0.0
6161,1.7
6162,2.8
6163,6.6
6164,1.0
6165,0.0
6166,0.0
6167,0.0
6168,0.0
6169,0.0
6170,0.0
6171,0.0
6172,12.2
6173,0.0
6174,0.2
6175,0.0
6176,0.0
6177,3.9
6178,0.0
6179,0.0
6180,0.0
6181,0.0
6182,0.0
6183,3.2
6184,2.8
6185,0.5
6186,0.0
6187,0.0
6188,0.2
6189,0.0
6190,0.3
6191,17.7
6192,2.4
6193,0.0
6194,0.0
6195,0.0
6196,0.0
6197,0.0
6198,1.0
6199,9.7
6200,0.2
6201,0.0
6202,8.9
6203,0.1
6204,6.4
6205,1.5
6206,8.2
6207,17.2
6208,13.8
6209,0.0
6210,0.0
6211,0.0
6212,13.0
6213,5.7
6214,10.0
6215,0.0
6216,13.5
6217,0.0
6218,2.6
6219,2.1
6220,0.0
6221,0.0
6222,0.0
6223,0.0
6224,0.0
6225,0.0
6226,0.0
6227,3.8
6228,0.4
6229,13.6
6230,1.7
6231,10.7
6232,0.1
6233,0.0
6234,3.4
6235,1.8
6236,6.4
6237,0.0
6238,0.0
6239,8.8
6240,2.2
6241,0.3
6242,0.0
6243,0.0
6244,3.8
6245,0.0
6246,0.0
6247,0.0
6248,0.0
6249,0.0
6250,0.0
6251,0.0
6252,0.0
6253,0.1
6254,0.0
6255,0.0
6256,0.0
6257,0.0
6258,0.4
6259,0.1
6260,0.0
6261,0.0
6262,0.0
6263,0.0
6264,4.0
6265,0.9
6266,0.0
6267,0.0
6268,0.0
6269,0.0
6270,0.0
6271,0.0
6272,0.0
6273,0.0
6274,0.0
6275,0.0
6276,0.0
6277,0.0
6278,0.0
6279,0.0
6280,0.0
6281,1.0
6282,1.7
6283,0.0
6284,0.0
6285,0.0
6286,0.0
6287,1.3
6288,0.0
6289,0.0
6290,0.0
6291,0.0
6292,0.3
6293,0.3
6294,0.0
6295,0.0
6296,0.0
6297,6.7
6298,0.7
6299,2.2
6300,3.6
6301,0.0
6302,0.0
6303,0.0
6304,0.0
6305,0.0
6306,0.0
6307,0.0
6308,0.0
6309,0.0
6310,0.0
6311,0.0
6312,0.0
6313,0.0
6314,0.0
6315,0.0
6316,0.0
6317,0.0
6318,0.0
6319,0.0
6320,0.0
6321,1.8
6322,0.0
6323,0.0
6324,0.0
6325,0.0
6326,0.0
6327,0.8
6328,0.0
6329,0.0
6330,3.1
6331,0.5
6332,0.0
6333,0.0
6334,12.0
6335,5.0
6336,4.7
6337,0.0
6338,0.5
6339,20.2
6340,21.2
6341,0.0
6342,0.0
6343,0.0
6344,0.5
6345,0.1
6346,13.5
6347,1.6
6348,4.7
6349,0.0
6350,0.0
6351,0.0
6352,0.0
6353,0.0
6354,0.0
6355,0.0
6356,0.0
6357,0.0
6358,0.0
6359,0.0
6360,0.0
6361,0.0
6362,0.0
6363,0.0
6364,0.0
6365,0.0
6366,0.0
6367,0.0
6368,0.0
6369,0.0
6370,0.0
6371,0.0
6372,0.0
6373,0.0
6374,0.0
6375,0.0
6376,6.5
6377,0.0
6378,0.0
6379,0.0
6380,0.0
6381,0.0
6382,0.0
6383,0.0
6384,0.0
6385,0.0
6386,0.0
6387,0.0
6388,0.0
6389,0.0
6390,0.0
6391,0.0
6392,0.0
6393,0.0
6394,0.0
6395,0.0
6396,0.0
6397,0.0
6398,0.0
6399,0.0
6400,0.0
6401,0.0
6402,0.0
6403,0.0
6404,0.8
6405,0.0
6406,0.0
6407,0.0
6408,0.0
6409,0.0
6410,0.0
6411,0.0
6412,0.0
6413,0.0
6414,0.0
6415,0.0
6416,0.0
6417,0.0
6418,0.0
6419,0.0
6420,0.0
6421,0.0
6422,0.0
6423,0.0
6424,0.0
6425,0.0
6426,0.0
6427,0.0
6428,14.8
6429,0.0
6430,0.0
6431,0.0
6432,0.0
6433,0.0
6434,0.0
6435,0.0
6436,0.0
6437,0.0
6438,0.0
6439,1.5
6440,0.0
6441,0.0
6442,0.0
6443,0.0
6444,0.0
6445,0.0
6446,0.0
6447,0.0
6448,0.0
6449,0.0
6450,0.0
6451,0.0
6452,0.0
6453,0.0
6454,0.0
6455,0.0
6456,0.2
6457,0.0
6458,0.0
6459,0.0
6460,0.7
6461,6.3
6462,2.2
6463,5.8
6464,0.0
6465,0.0
6466,0.0
6467,0.0
6468,0.0
6469,0.4
6470,0.0
6471,3.8
6472,7.7
6473,0.0
6474,0.0
6475,0.0
6476,0.0
6477,0.0
6478,0.0
6479,0.0
6480,0.0
6481,0.0
6482,0.0
6483,0.0
6484,0.0
6485,0.0
6486,0.0
6487,0.0
6488,0.0
6489,0.0
6490,0.0
6491,0.0
6492,0.0
6493,0.0
6494,0.0
6495,8.4
6496,0.0
6497,0.0
6498,0.0
6499,0.0
6500,0.0
6501,0.0
6502,0.0
6503,0.0
6504,0.0
6505,0.0
6506,0.0
6507,0.0
6508,0.0
6509,0.0
6510,0.0
6511,0.0
6512,0.0
6513,0.0
6514,0.0
6515,0.0
6516,0.0
6517,0.3
6518,0.0
6519,0.0
6520,0.0
6521,0.0
6522,0.0
6523,18.4
6524,22.2
6525,0.8
6526,23.4
6527,0.4
6528,0.0
6529,0.0
6530,0.0
6531,0.0
6532,0.2
6533,0.0
6534,0.0
6535,0.8
6536,0.0
6537,0.0
6538,0.0
6539,0.0
6540,0.0
6541,0.0
6542,0.0
6543,0.0
6544,0.0
6545,0.0
6546,0.0
6547,6.8
6548,3.2
6549,0.9
6550,2.1
6551,0.0
6552,0.0
6553,1.4
6554,6.4
6555,20.3
6556,13.2
6557,0.0
6558,0.0
6559,0.0
6560,4.8
6561,8.8
6562,4.9
6563,7.7
6564,11.3
6565,4.2
6566,5.8
6567,3.8
6568,0.5
6569,0.0
6570,0.0
6571,0.0
6572,3.9
6573,0.8
6574,3.3
6575,0.0
6576,8.8
6577,0.7
6578,0.5
6579,3.8
6580,0.0
6581,13.4
6582,2.7
6583,0.0
6584,0.0
6585,0.0
6586,0.0
6587,0.0
6588,0.0
6589,1.5
6590,2.0
6591,0.0
6592,5.1
6593,20.2
6594,8.2
6595,0.0
6596,8.0
6597,3.9
6598,1.0
6599,0.2
6600,0.0
6601,0.0
6602,0.0
6603,0.0
6604,0.0
6605,0.0
6606,0.0
6607,1.5
6608,0.0
6609,0.0
6610,0.0
6611,0.0
6612,0.0
6613,0.0
6614,0.0
6615,0.0
6616,0.0
6617,0.0
6618,0.0
6619,0.0
6620,0.0
6621,0.0
6622,0.0
6623,0.0
6624,0.0
6625,0.0
6626,0.0
6627,0.4
6628,0.0
6629,0.0
6630,0.0
6631,0.0
6632,0.0
6633,0.0
6634,0.0
6635,0.0
6636,0.0
6637,0.0
6638,0.0
6639,0.0
6640,0.0
6641,0.0
6642,0.0
6643,0.0
6644,0.0
6645,0.0
6646,0.0
6647,0.0
6648,0.0
6649,0.0
6650,0.0
6651,0.0
6652,0.0
6653,0.0
6654,0.0
6655,0.0
6656,0.0
6657,0.0
6658,0.0
6659,0.0
6660,0.0
6661,0.0
6662,0.0
6663,0.0
6664,0.0
6665,0.0
6666,0.0
6667,0.0
6668,0.0
6669,0.0
6670,0.0
6671,1.7
6672,0.0
6673,0.0
6674,0.0
6675,0.0
6676,0.0
6677,0.0
6678,0.0
6679,0.0
6680,0.0
6681,9.5
6682,2.4
6683,18.0
6684,4.2
6685,0.0
6686,0.0
6687,0.0
6688,0.0
6689,0.1
6690,0.0
6691,0.0
6692,0.0
6693,0.0
6694,0.0
6695,0.0
6696,0.0
6697,0.0
6698,0.0
6699,0.5
6700,0.0
6701,0.0
6702,0.0
6703,0.0
6704,0.0
6705,0.0
6706,0.0
6707,9.6
6708,11.7
6709,5.0
6710,2.4
6711,0.0
6712,0.0
6713,0.3
6714,0.0
6715,0.0
6716,0.0
6717,0.0
6718,7.7
6719,13.9
6720,1.3
6721,0.0
6722,0.0
6723,0.0
6724,7.3
6725,0.4
6726,1.0
6727,0.0
6728,0.2
6729,4.5
6730,2.0
6731,0.0
6732,0.0
6733,0.0
6734,0.0
6735,0.0
6736,0.0
6737,0.0
6738,0.0
6739,0.0
6740,0.0
6741,0.0
6742,0.0
6743,0.5
6744,0.0
6745,0.0
6746,0.0
6747,0.0
6748,0.0
6749,0.0
6750,0.0
6751,0.0
6752,0.0
6753,0.0
6754,0.0
6755,0.0
6756,1.0
6757,1.2
6758,0.0
6759,0.0
6760,0.0
6761,0.0
6762,0.0
6763,1.0
6764,1.6
6765,0.7
6766,0.0
6767,0.0
6768,0.0
6769,0.0
6770,7.0
6771,0.0
6772,0.0
6773,0.0
6774,0.0
6775,0.0
6776,4.0
6777,4.3
6778,0.6
6779,0.0
6780,0.0
6781,0.0
6782,10.2
6783,5.0
6784,0.0
6785,0.0
6786,0.0
6787,0.0
6788,0.0
6789,2.0
6790,0.9
6791,0.0
6792,0.0
6793,0.0
6794,5.0
6795,0.0
6796,1.3
6797,0.0
6798,0.0
6799,0.0
6800,0.0
6801,0.0
6802,0.0
6803,0.0
6804,0.0
6805,0.0
6806,0.0
6807,0.0
6808,0.0
6809,0.0
6810,1.0
6811,3.1
6812,0.0
6813,1.9
6814,0.0
6815,0.0
6816,0.0
6817,0.0
6818,0.0
6819,0.0
6820,0.0
6821,0.0
6822,0.0
6823,0.0
6824,0.0
6825,0.0
6826,0.0
6827,0.0
6828,0.0
6829,0.0
6830,0.0
6831,0.0
6832,0.0
6833,0.0
6834,0.0
6835,0.0
6836,0.0
6837,0.0
6838,0.0
6839,0.0
6840,0.0
6841,15.4
6842,25.3
6843,3.3
6844,0.0
6845,0.0
6846,0.0
6847,0.5
6848,0.0
6849,0.0
6850,0.0
6851,0.0
6852,2.1
6853,0.0
6854,0.0
6855,0.0
6856,0.0
6857,0.0
6858,0.0
6859,0.0
6860,0.0
6861,0.0
6862,0.0
6863,0.0
6864,0.0
6865,0.0
6866,2.8
6867,4.7
6868,0.8
6869,0.4
6870,0.0
6871,0.0
6872,0.9
6873,0.1
6874,1.1
6875,1.3
6876,0.0
6877,0.0
6878,0.0
6879,0.3
6880,14.7
6881,19.8
6882,6.2
6883,38.8
6884,4.6
6885,4.0
6886,5.5
6887,0.0
6888,0.7
6889,2.0
6890,2.3
6891,22.1
6892,0.0
6893,0.0
6894,0.0
6895,0.7
6896,3.6
6897,0.0
6898,0.0
6899,30.5
6900,0.0
6901,0.0
6902,3.7
6903,10.3
6904,0.0
6905,0.0
6906,1.8
6907,0.0
6908,0.0
6909,0.0
6910,0.0
6911,0.0
6912,0.2
6913,0.0
6914,0.0
6915,0.2
6916,0.9
6917,0.0
6918,0.0
6919,2.0
6920,2.6
6921,0.0
6922,0.0
6923,7.7
6924,9.4
6925,8.5
6926,3.0
6927,0.6
6928,0.0
6929,5.3
6930,1.5
6931,0.0
6932,0.0
6933,3.0
6934,0.0
6935,0.0
6936,1.0
6937,0.0
6938,1.4
6939,5.0
6940,0.0
6941,0.0
6942,0.0
6943,0.0
6944,0.0
6945,0.0
6946,0.0
6947,0.0
6948,0.0
6949,0.0
6950,0.8
6951,7.6
6952,0.0
6953,0.0
6954,0.0
6955,0.0
6956,0.0
6957,0.0
6958,0.0
6959,0.0
6960,0.0
6961,0.0
6962,7.4
6963,0.0
6964,0.0
6965,11.4
6966,0.0
6967,5.8
6968,1.4
6969,0.0
6970,2.4
6971,2.9
6972,29.6
6973,3.2
6974,2.2
6975,0.0
6976,0.0
6977,0.0
6978,0.0
6979,1.0
6980,0.0
6981,0.0
6982,0.0
6983,0.0
6984,0.0
6985,0.0
6986,0.0
6987,0.0
6988,0.0
6989,0.0
6990,0.0
6991,1.5
6992,0.0
6993,0.0
6994,0.0
6995,0.0
6996,0.0
6997,0.0
6998,0.0
6999,0.0
7000,0.0
7001,0.0
7002,0.0
7003,0.0
7004,0.0
7005,0.0
7006,0.0
7007,0.0
7008,0.0
7009,0.0
7010,0.0
7011,0.0
7012,0.0
7013,0.0
7014,0.0
7015,0.0
7016,0.0
7017,0.0
7018,0.0
7019,0.0
7020,0.0
7021,0.0
7022,0.0
7023,0.0
7024,0.0
7025,0.0
7026,5.8
7027,7.4
7028,0.0
7029,0.7
7030,0.0
7031,0.0
7032,2.3
7033,0.0
7034,2.0
7035,1.0
7036,0.0
7037,0.0
7038,3.0
7039,0.6
7040,0.0
7041,0.0
7042,0.0
7043,5.6
7044,0.0
7045,1.3
7046,0.0
7047,0.0
7048,0.0
7049,0.0
7050,0.0
7051,3.9
7052,0.0
7053,0.0
7054,0.0
7055,0.5
7056,0.0
7057,6.2
7058,0.3
7059,0.0
7060,0.8
7061,3.8
7062,0.0
7063,0.0
7064,0.0
7065,0.0
7066,0.0
7067,0.0
7068,0.0
7069,8.6
7070,1.6
7071,0.0
7072,3.1
7073,9.4
7074,11.7
7075,4.4
7076,0.0
7077,0.0
7078,2.0
7079,0.6
7080,0.0
7081,0.4
7082,0.0
7083,1.6
7084,1.2
7085,4.2
7086,2.0
7087,0.0
7088,7.8
7089,0.0
7090,5.5
7091,0.4
7092,0.0
7093,0.0
7094,15.7
7095,3.4
7096,0.0
7097,0.0
7098,0.0
7099,0.0
7100,0.0
7101,0.0
7102,0.0
7103,0.0
7104,0.0
7105,0.0
7106,0.0
7107,0.0
7108,0.0
7109,0.0
7110,0.0
7111,0.0
7112,0.0
7113,0.0
7114,0.0
7115,0.0
7116,0.0
7117,0.0
7118,0.0
7119,0.0
7120,1.6
7121,0.0
7122,0.0
7123,0.0
7124,0.0
7125,0.0
7126,0.0
7127,0.0
7128,0.0
7129,0.0
7130,0.0
7131,0.0
7132,0.0
7133,0.0
7134,0.0
7135,0.0
7136,0.0
7137,0.0
7138,0.0
7139,0.0
7140,0.0
7141,0.0
7142,0.0
7143,0.0
7144,0.0
7145,0.0
7146,0.0
7147,0.0
7148,0.0
7149,0.0
7150,0.0
7151,0.0
7152,0.0
7153,0.0
7154,0.0
7155,0.0
7156,0.0
7157,0.0
7158,0.0
7159,0.0
7160,0.0
7161,0.0
7162,0.0
7163,0.5
7164,0.0
7165,0.0
7166,13.4
7167,0.0
7168,1.4
7169,0.0
7170,0.0
7171,0.0
7172,0.0
7173,0.0
7174,0.0
7175,0.0
7176,0.0
7177,0.0
7178,29.0
7179,0.0
7180,0.0
7181,0.0
7182,0.0
7183,0.0
7184,0.0
7185,0.0
7186,0.0
7187,0.0
7188,0.0
7189,0.0
7190,0.0
7191,0.0
7192,0.0
7193,0.0
7194,0.0
7195,0.0
7196,0.0
7197,0.0
7198,0.0
7199,0.0
7200,0.0
7201,0.0
7202,0.0
7203,11.0
7204,4.8
7205,0.0
7206,17.1
7207,4.5
7208,0.0
7209,10.6
7210,3.6
7211,0.2
7212,0.0
7213,0.0
7214,0.0
7215,2.2
7216,0.2
7217,10.3
7218,0.0
7219,0.0
7220,0.2
7221,0.2
7222,0.0
7223,0.0
7224,0.0
7225,0.0
7226,0.0
7227,0.0
7228,0.0
7229,0.0
7230,0.0
7231,0.0
7232,0.0
7233,0.0
7234,0.0
7235,0.0
7236,0.0
7237,0.0
7238,0.0
7239,0.0
7240,0.0
7241,0.0
7242,0.0
7243,0.0
7244,0.0
7245,0.0
7246,17.8
7247,3.3
7248,0.0
7249,0.0
7250,0.0
7251,0.0
7252,0.0
7253,0.0
7254,0.0
7255,0.0
7256,0.0
7257,0.0
7258,0.0
7259,0.0
7260,0.0
7261,0.0
7262,0.0
7263,0.0
7264,0.0
7265,0.0
7266,1.0
7267,0.0
7268,0.0
7269,0.0
7270,0.0
7271,0.0
7272,0.0
7273,0.0
7274,0.0
7275,0.0
7276,0.0
7277,0.0
7278,0.0
7279,0.0
7280,0.0
7281,0.0
7282,0.0
7283,0.3
7284,0.0
7285,0.0
7286,0.0
7287,0.0
7288,0.0
7289,0.0
7290,0.0
7291,0.0
7292,0.0
7293,0.0
7294,0.0
7295,0.0
7296,0.0
7297,0.0
7298,0.0
7299,0.0
7300,0.0
7301,0.0
7302,8.0
7303,2.2
7304,3.8
7305,0.0
7306,0.0
7307,0.0
7308,0.0
7309,0.0
7310,0.0
7311,0.0
7312,0.0
7313,2.0
7314,0.0
7315,0.0
7316,0.0
7317,0.0
7318,0.0
7319,0.0
7320,3.3
7321,0.0
7322,0.0
7323,0.0
7324,0.0
7325,0.0
7326,2.8
7327,0.0
7328,0.0
7329,0.0
7330,0.0
7331,0.0
7332,0.0
7333,0.0
7334,0.0
7335,0.0
7336,0.0
7337,0.0
7338,0.0
7339,0.0
7340,0.0
7341,0.0
7342,0.0
7343,0.0
7344,2.1
7345,0.0
7346,0.0
7347,0.0
7348,0.0
7349,0.0
7350,0.0
7351,0.0
7352,0.0
7353,0.0
7354,0.0
7355,0.0
7356,0.0
7357,0.0
7358,0.0
7359,6.8
7360,0.8
7361,0.0
7362,3.2
7363,0.0
7364,0.0
7365,0.0
7366,0.2
7367,0.0
7368,0.0
7369,0.0
7370,0.0
7371,0.0
7372,0.0
7373,0.0
7374,12.4
7375,0.9
7376,0.9
7377,0.0
7378,0.2
7379,0.0
7380,0.0
7381,0.0
7382,0.0
7383,0.0
7384,0.0
7385,0.0
7386,0.0
7387,5.1
7388,0.5
7389,0.2
7390,0.0
7391,0.0
7392,0.0
7393,0.0
7394,0.0
7395,0.5
7396,0.0
7397,0.0
7398,0.0
7399,0.0
7400,0.0
7401,0.0
7402,0.0
7403,0.0
7404,0.0
7405,0.0
7406,0.0
7407,0.0
7408,0.7
7409,0.2
7410,1.2
7411,0.0
7412,0.0
7413,0.0
7414,0.3
7415,0.0
7416,0.0
7417,0.0
7418,0.0
7419,0.0
7420,0.2
7421,29.6
7422,0.0
7423,3.5
7424,0.0
7425,12.0
7426,2.2
7427,2.9
7428,0.0
7429,0.6
7430,0.0
7431,2.2
7432,0.0
7433,0.0
7434,0.0
7435,0.0
7436,0.0
7437,0.0
7438,0.0
7439,0.0
7440,0.0
7441,2.4
7442,5.5
7443,0.0
7444,0.0
7445,0.0
7446,0.0
7447,0.0
7448,0.0
7449,0.0
7450,0.0
7451,0.0
7452,0.0
7453,0.0
7454,0.0
7455,3.8
7456,3.2
7457,0.0
7458,0.0
7459,0.0
7460,0.0
7461,0.0
7462,0.0
7463,0.0
7464,7.0
7465,0.0
7466,0.3
7467,0.3
7468,2.4
7469,0.0
7470,0.0
7471,0.0
7472,2.1
7473,0.0
7474,0.0
7475,0.0
7476,0.0
7477,0.0
7478,0.0
7479,2.0
7480,0.0
7481,0.0
7482,0.0
7483,0.0
7484,0.0
7485,0.0
7486,0.0
7487,0.0
7488,0.0
7489,0.0
7490,0.0
7491,0.0
7492,0.0
7493,0.0
7494,0.0
7495,0.0
7496,0.0
7497,4.0
7498,0.0
7499,0.0
7500,0.0
7501,0.0
7502,0.0
7503,0.0
7504,0.0
7505,0.0
7506,0.0
7507,0.0
7508,0.0
7509,0.0
7510,0.0
7511,11.1
7512,0.2
7513,0.0
7514,0.0
7515,0.0
7516,0.0
7517,0.0
7518,0.0
7519,0.0
7520,0.0
7521,0.0
7522,0.0
7523,1.2
7524,0.0
7525,0.0
7526,0.0
7527,0.0
7528,0.0
7529,0.0
7530,0.0
7531,0.0
7532,0.0
7533,0.0
7534,0.0
7535,0.0
7536,0.0
7537,0.0
7538,0.0
7539,0.0
7540,0.0
7541,0.0
7542,0.0
7543,0.0
7544,0.0
7545,0.0
7546,0.0
7547,0.0
7548,9.8
7549,0.0
7550,0.0
7551,0.0
7552,0.6
7553,0.0
7554,0.0
7555,0.0
7556,0.0
7557,0.0
7558,0.0
7559,0.0
7560,0.0
7561,0.0
7562,0.0
7563,0.0
7564,0.0
7565,9.7
7566,6.4
7567,0.0
7568,0.0
7569,0.9
7570,0.0
7571,0.4
7572,3.2
7573,0.0
7574,0.0
7575,0.0
7576,0.0
7577,0.0
7578,0.0
7579,0.0
7580,0.0
7581,0.0
7582,0.0
7583,0.0
7584,0.0
7585,0.0
7586,0.0
7587,0.0
7588,3.0
7589,6.2
7590,0.0
7591,0.0
7592,0.0
7593,2.5
7594,4.1
7595,0.7
7596,11.7
7597,4.0
7598,7.4
7599,2.8
7600,11.3
7601,1.1
7602,0.0
7603,12.9
7604,5.5
7605,0.0
7606,3.1
7607,0.0
7608,0.0
7609,0.0
7610,0.0
7611,0.0
7612,0.0
7613,0.0
7614,0.0
7615,0.0
7616,0.0
7617,0.0
7618,0.0
7619,14.4
7620,7.3
7621,2.2
7622,0.5
7623,1.9
7624,0.0
7625,0.0
7626,0.0
7627,0.0
7628,0.0
7629,0.0
7630,0.0
7631,0.0
7632,0.0
7633,0.0
7634,0.0
7635,0.0
7636,0.0
7637,3.5
7638,0.0
7639,0.0
7640,0.0
7641,0.0
7642,1.1
7643,0.0
7644,0.0
7645,0.0
7646,0.0
7647,4.0
7648,0.0
7649,0.0
7650,0.0
7651,0.0
7652,0.8
7653,0.0
7654,0.0
7655,0.0
7656,0.0
7657,0.0
7658,0.0
7659,0.0
7660,0.0
7661,0.0
7662,0.0
7663,0.0
7664,0.0
7665,0.5
7666,5.8
7667,8.5
7668,0.0
7669,0.0
7670,0.0
7671,0.0
7672,0.0
7673,0.0
7674,0.0
7675,0.0
7676,0.0
7677,0.0
7678,4.4
7679,0.0
7680,0.0
7681,0.0
7682,11.4
7683,5.0
7684,0.0
7685,0.0
7686,0.0
7687,0.0
7688,0.0
7689,0.0
7690,0.0
7691,0.0
7692,0.0
7693,0.0
7694,0.0
7695,3.2
7696,0.0
7697,0.0
7698,0.0
7699,0.0
7700,0.0
7701,0.0
7702,0.0
7703,0.0
7704,0.0
7705,0.0
7706,0.0
7707,0.0
7708,0.0
7709,0.0
7710,0.0
7711,0.0
7712,0.0
7713,0.0
7714,0.0
7715,0.0
7716,0.0
7717,0.0
7718,0.0
7719,0.0
7720,0.0
7721,0.0
7722,0.0
7723,0.0
7724,0.0
7725,0.0
7726,0.0
7727,0.0
7728,0.0
7729,0.0
7730,0.0
7731,0.0
7732,0.0
7733,0.0
7734,0.0
7735,0.0
7736,0.0
7737,0.0
7738,0.0
7739,0.0
7740,0.0
7741,0.0
7742,0.0
7743,0.0
7744,0.0
7745,0.0
7746,0.0
7747,0.0
7748,0.0
7749,23.6
7750,0.0
7751,6.9
7752,0.5
7753,0.0
7754,0.0
7755,0.0
7756,0.0
7757,0.0
7758,0.0
7759,4.7
7760,0.4
7761,5.0
7762,14.4
7763,2.6
7764,0.0
7765,0.0
7766,0.0
7767,4.8
7768,6.2
7769,0.0
7770,2.8
7771,0.0
7772,0.0
7773,1.9
7774,2.1
7775,18.0
7776,0.0
7777,0.0
7778,2.5
7779,0.5
7780,0.0
7781,0.0
7782,3.0
7783,0.0
7784,0.0
7785,0.7
7786,5.0
7787,1.4
7788,0.4
7789,1.4
7790,0.6
7791,3.1
7792,0.0
7793,7.7
7794,3.0
7795,0.7
7796,2.6
7797,4.9
7798,6.3
7799,0.0
7800,0.0
7801,2.1
7802,0.0
7803,0.0
7804,0.0
7805,0.0
7806,2.4
7807,0.8
7808,3.2
7809,0.0
7810,0.0
7811,8.7
7812,0.0
7813,0.0
7814,0.0
7815,0.0
7816,0.9
7817,0.0
7818,0.0
7819,0.0
7820,0.0
7821,0.0
7822,4.8
7823,0.0
7824,0.0
7825,9.3
7826,0.0
7827,0.0
7828,0.0
7829,0.0
7830,0.4
7831,0.0
7832,0.0
7833,0.0
7834,0.0
7835,0.0
7836,0.0
7837,0.0
7838,0.0
7839,0.0
7840,0.0
7841,0.0
7842,0.0
7843,0.0
7844,0.0
7845,0.0
7846,0.0
7847,0.0
7848,0.0
7849,0.0
7850,0.0
7851,0.0
7852,0.0
7853,0.0
7854,0.0
7855,0.0
7856,0.0
7857,0.0
7858,0.0
7859,0.0
7860,0.0
7861,1.5
7862,0.0
7863,0.0
7864,0.0
7865,0.0
7866,0.0
7867,9.8
7868,0.3
7869,0.0
7870,0.0
7871,0.0
7872,0.0
7873,0.0
7874,0.0
7875,0.0
7876,0.0
7877,0.0
7878,0.0
7879,0.0
7880,0.0
7881,0.0
7882,0.0
7883,0.0
7884,0.0
7885,0.0
7886,0.0
7887,0.0
7888,0.0
7889,0.0
7890,0.0
7891,0.0
7892,0.0
7893,0.0
7894,0.0
7895,0.0
7896,0.0
7897,0.0
7898,0.0
7899,0.0
7900,0.0
7901,0.0
7902,0.0
7903,0.0
7904,0.0
7905,0.0
7906,0.0
7907,0.0
7908,0.0
7909,0.0
7910,0.0
7911,0.0
7912,0.0
7913,0.0
7914,0.0
7915,0.0
7916,0.0
7917,0.0
7918,0.0
7919,0.0
7920,0.0
7921,0.0
7922,0.0
7923,0.0
7924,0.0
7925,0.0
7926,0.0
7927,0.0
7928,0.0
7929,0.0
7930,0.0
7931,0.0
7932,5.0
7933,0.0
7934,0.0
7935,0.0
7936,0.0
7937,0.0
7938,0.0
7939,3.6
7940,0.0
7941,2.5
7942,0.0
7943,0.0
7944,0.0
7945,0.0
7946,0.0
7947,0.0
7948,0.0
7949,0.0
7950,0.0
7951,0.0
7952,0.0
7953,0.0
7954,4.0
7955,0.0
7956,0.0
7957,0.0
7958,0.0
7959,0.0
7960,0.0
7961,0.0
7962,0.0
7963,6.5
7964,2.9
7965,0.8
7966,0.0
7967,0.0
7968,0.0
7969,0.0
7970,0.0
7971,0.0
7972,0.0
7973,1.9
7974,0.0
7975,1.4
7976,10.6
7977,0.0
7978,3.5
7979,11.6
7980,0.0
7981,0.0
7982,0.0
7983,0.0
7984,0.0
7985,0.0
7986,4.1
7987,1.0
7988,0.0
7989,0.0
7990,0.5
7991,0.0
7992,0.0
7993,0.0
7994,0.0
7995,0.0
7996,18.3
7997,0.2
7998,9.4
7999,0.0
8000,0.0
8001,0.0
8002,1.3
8003,7.3
8004,0.6
8005,7.3
8006,0.7
8007,0.0
8008,0.0
8009,6.4
8010,14.2
8011,1.5
8012,2.0
8013,0.0
8014,1.3
8015,0.0
8016,0.0
8017,0.0
8018,0.4
8019,0.0
8020,0.0
8021,0.0
8022,0.0
8023,0.0
8024,0.0
8025,2.0
8026,13.4
8027,17.2
8028,5.9
8029,5.2
8030,9.9
8031,0.0
8032,6.3
8033,10.8
8034,0.4
8035,0.0
8036,3.3
8037,0.0
8038,1.1
8039,0.8
8040,15.2
8041,0.6
8042,0.0
8043,0.0
8044,0.9
8045,4.4
8046,14.5
8047,3.6
8048,0.0
8049,0.0
8050,0.0
8051,2.8
8052,2.1
8053,2.8
8054,0.0
8055,0.0
8056,0.0
8057,0.0
8058,1.4
8059,3.7
8060,1.2
8061,13.4
8062,0.8
8063,0.0
8064,0.0
8065,0.0
8066,0.0
8067,0.0
8068,0.0
8069,0.0
8070,0.0
8071,0.0
8072,9.5
8073,15.3
8074,3.1
8075,0.0
8076,0.0
8077,0.0
8078,0.0
8079,0.0
8080,0.0
8081,0.0
8082,0.0
8083,0.0
8084,0.0
8085,0.0
8086,0.0
8087,0.0
8088,0.0
8089,0.0
8090,0.0
8091,0.0
8092,0.0
8093,0.0
8094,0.0
8095,12.7
8096,10.6
8097,4.9
8098,8.6
8099,0.1
8100,11.4
8101,6.8
8102,0.0
8103,0.0
8104,0.3
8105,0.0
8106,1.4
8107,0.0
8108,0.0
8109,0.0
8110,1.2
8111,0.0
8112,0.0
8113,0.0
8114,0.0
8115,0.0
8116,0.0
8117,0.1
8118,0.7
8119,0.5
8120,4.4
8121,0.0
8122,0.0
8123,0.0
8124,0.0
8125,0.0
8126,0.0
8127,0.0
8128,0.0
8129,0.0
8130,0.0
8131,0.0
8132,0.0
8133,0.0
8134,0.0
8135,0.0
8136,0.0
8137,0.0
8138,0.0
8139,0.0
8140,0.0
8141,0.0
8142,8.9
8143,0.2
8144,0.0
8145,0.0
8146,0.0
8147,0.0
8148,0.0
8149,0.0
8150,0.0
8151,0.0
8152,0.0
8153,0.0
8154,3.6
8155,1.5
8156,1.4
8157,0.0
8158,0.0
8159,0.3
8160,0.0
8161,0.0
8162,3.4
8163,1.5
8164,10.5
8165,0.6
8166,0.0
8167,0.0
8168,0.0
8169,1.9
8170,0.0
8171,0.0
8172,0.0
8173,0.6
8174,1.0
8175,0.1
8176,0.5
8177,0.0
8178,0.0
8179,0.0
8180,0.0
8181,0.0
8182,0.0
8183,0.0
8184,0.0
8185,0.0
8186,0.0
8187,0.0
8188,0.0
8189,0.0
8190,0.0
8191,0.0
8192,0.0
8193,0.0
8194,0.0
8195,4.3
8196,0.0
8197,0.0
8198,0.0
8199,0.0
8200,0.0
8201,0.0
8202,0.0
8203,0.0
8204,0.0
8205,0.0
8206,0.0
8207,0.0
8208,0.0
8209,0.0
8210,0.0
8211,0.0
8212,0.0
8213,0.0
8214,0.0
8215,0.0
8216,0.0
8217,0.0
8218,0.0
8219,0.0
8220,0.0
8221,0.4
8222,0.0
8223,0.0
8224,2.8
8225,0.2
8226,0.0
8227,0.0
8228,0.0
8229,0.0
8230,0.2
8231,0.0
8232,0.0
8233,0.0
8234,0.0
8235,0.0
8236,0.0
8237,0.0
8238,0.0
8239,0.0
8240,0.0
8241,0.0
8242,0.0
8243,0.0
8244,0.9
8245,0.0
8246,0.0
8247,0.0
8248,0.0
8249,0.0
8250,0.0
8251,0.0
8252,0.0
8253,0.0
8254,0.0
8255,0.0
8256,0.0
8257,0.0
8258,0.0
8259,0.0
8260,0.0
8261,0.2
8262,0.1
8263,0.0
8264,0.0
8265,0.0
8266,0.0
8267,0.0
8268,0.0
8269,0.0
8270,0.0
8271,0.0
8272,0.0
8273,0.0
8274,0.0
8275,0.0
8276,0.0
8277,0.0
8278,0.0
8279,0.0
8280,0.0
8281,0.0
8282,0.0
8283,0.0
8284,0.0
8285,0.0
8286,0.0
8287,0.0
8288,0.0
8289,0.0
8290,0.0
8291,0.0
8292,0.0
8293,0.0
8294,0.0
8295,0.0
8296,0.0
8297,0.0
8298,0.0
8299,9.8
8300,1.2
8301,0.5
8302,0.0
8303,0.0
8304,0.0
8305,0.0
8306,7.3
8307,0.0
8308,0.0
8309,0.0
8310,0.0
8311,0.0
8312,0.0
8313,0.6
8314,5.2
8315,0.0
8316,0.0
8317,0.0
8318,0.0
8319,2.1
8320,7.1
8321,0.0
8322,0.0
8323,0.0
8324,2.4
8325,3.5
8326,11.5
8327,19.6
8328,8.0
8329,0.0
8330,2.4
8331,0.0
8332,0.0
8333,0.0
8334,0.0
8335,0.3
8336,0.0
8337,0.0
8338,0.0
8339,0.0
8340,0.0
8341,0.0
8342,8.0
8343,1.8
8344,0.0
8345,0.0
8346,0.0
8347,0.0
8348,0.0
8349,0.0
8350,0.0
8351,0.0
8352,0.0
8353,0.0
8354,2.8
8355,0.0
8356,3.6
8357,0.0
8358,0.0
8359,0.0
8360,0.0
8361,0.0
8362,0.0
8363,0.0
8364,0.0
8365,0.0
8366,0.0
8367,0.0
8368,0.0
8369,0.0
8370,0.0
8371,0.0
8372,0.0
8373,0.0
8374,0.0
8375,0.0
8376,0.0
8377,0.0
8378,0.0
8379,0.0
8380,0.0
8381,0.0
8382,0.0
8383,0.0
8384,0.0
8385,0.0
8386,0.0
8387,0.0
8388,0.0
8389,0.0
8390,0.0
8391,1.6
8392,3.6
8393,0.0
8394,0.0
8395,0.0
8396,0.0
8397,0.0
8398,0.0
8399,7.1
8400,3.3
8401,10.4
8402,8.5
8403,14.1
8404,0.0
8405,0.0
8406,0.0
8407,0.0
8408,0.0
8409,0.0
8410,0.0
8411,0.0
8412,4.7
8413,0.3
8414,0.0
8415,0.4
8416,0.0
8417,1.6
8418,0.0
8419,0.2
8420,0.0
8421,3.0
8422,0.3
8423,9.9
8424,0.0
8425,0.0
8426,0.0
8427,0.0
8428,0.0
8429,0.0
8430,0.0
8431,0.0
8432,0.0
8433,0.0
8434,0.9
8435,0.0
8436,5.2
8437,0.0
8438,0.0
8439,0.0
8440,0.0
8441,0.0
8442,0.0
8443,0.0
8444,0.0
8445,0.0
8446,0.0
8447,0.0
8448,0.0
8449,0.0
8450,0.0
8451,0.0
8452,0.0
8453,0.0
8454,0.0
8455,0.0
8456,0.0
8457,0.0
8458,0.2
8459,3.0
8460,0.4
8461,0.0
8462,10.0
8463,0.1
8464,0.0
8465,0.0
8466,0.0
8467,0.0
8468,0.0
8469,0.0
8470,0.0
8471,0.0
8472,9.6
8473,7.1
8474,20.4
8475,3.4
8476,0.6
8477,0.0
8478,0.0
8479,0.0
8480,0.0
8481,0.0
8482,0.0
8483,0.0
8484,0.0
8485,0.0
8486,0.0
8487,0.0
8488,0.0
8489,0.0
8490,0.0
8491,0.0
8492,1.1
8493,0.0
8494,0.0
8495,10.5
8496,2.7
8497,3.8
8498,0.0
8499,0.0
8500,5.6
8501,7.8
8502,3.4
8503,0.0
8504,0.0
8505,0.0
8506,0.0
8507,0.0
8508,0.0
8509,0.0
8510,0.0
8511,0.0
8512,0.0
8513,0.0
8514,0.0
8515,0.0
8516,0.0
8517,0.0
8518,0.0
8519,0.0
8520,0.0
8521,0.0
8522,0.4
8523,0.0
8524,0.0
8525,8.4
8526,3.7
8527,19.0
8528,15.4
8529,0.1
8530,0.5
8531,0.5
8532,0.0
8533,0.0
8534,0.0
8535,0.0
8536,0.0
8537,0.5
8538,0.0
8539,0.0
8540,0.0
8541,1.7
8542,0.0
8543,0.0
8544,0.0
8545,0.0
8546,0.0
8547,0.0
8548,0.0
8549,0.0
8550,0.0
8551,0.0
8552,0.0
8553,0.0
8554,0.0
8555,0.5
8556,0.2
8557,10.8
8558,0.4
8559,0.0
8560,0.0
8561,0.0
8562,0.0
8563,0.0
8564,0.0
8565,0.0
8566,0.0
8567,0.0
8568,0.0
8569,0.0
8570,0.3
8571,0.0
8572,0.0
8573,0.0
8574,0.0
8575,0.0
8576,0.0
8577,0.0
8578,0.0
8579,0.0
8580,0.0
8581,9.7
8582,0.1
8583,0.0
8584,0.0
8585,0.0
8586,0.0
8587,0.0
8588,1.1
8589,0.0
8590,0.0
8591,0.0
8592,0.0
8593,0.0
8594,0.0
8595,0.0
8596,0.0
8597,0.0
8598,0.0
8599,0.0
8600,0.0
8601,0.0
8602,0.0
8603,0.0
8604,3.9
8605,0.0
8606,0.0
8607,0.0
8608,0.0
8609,0.0
8610,0.0
8611,0.0
8612,0.0
8613,0.0
8614,0.0
8615,0.0
8616,0.0
8617,0.0
8618,0.0
8619,0.0
8620,0.0
8621,0.0
8622,0.0
8623,0.0
8624,0.0
8625,0.0
8626,0.0
8627,0.0
8628,0.0
8629,0.0
8630,0.0
8631,0.0
8632,0.0
8633,0.0
8634,0.0
8635,0.0
8636,0.0
8637,0.0
8638,0.6
8639,0.0
8640,0.0
8641,0.0
8642,0.0
8643,0.0
8644,0.0
8645,0.0
8646,0.0
8647,0.0
8648,0.0
8649,0.0
8650,0.0
8651,6.7
8652,0.0
8653,0.0
8654,0.0
8655,0.0
8656,0.0
8657,0.0
8658,0.7
8659,2.1
8660,3.5
8661,9.0
8662,0.0
8663,5.0
8664,0.2
8665,0.2
8666,0.0
8667,0.0
8668,0.0
8669,0.0
8670,0.0
8671,0.0
8672,0.0
8673,0.5
8674,14.0
8675,0.0
8676,0.0
8677,0.0
8678,0.0
8679,0.0
8680,0.0
8681,17.0
8682,8.7
8683,3.1
8684,0.0
8685,0.0
8686,0.0
8687,0.0
8688,0.0
8689,0.5
8690,0.0
8691,0.0
8692,0.0
8693,2.1
8694,9.2
8695,0.0
8696,0.0
8697,0.0
8698,0.0
8699,0.0
8700,0.0
8701,0.0
8702,0.8
8703,0.9
8704,0.0
8705,0.0
8706,0.3
8707,0.1
8708,0.0
8709,0.0
8710,0.0
8711,0.0
8712,0.0
8713,0.0
8714,0.0
8715,0.9
8716,0.0
8717,13.4
8718,11.9
8719,0.8
8720,3.8
8721,0.1
8722,1.0
8723,12.1
8724,3.6
8725,5.1
8726,20.7
8727,0.7
8728,4.6
8729,0.0
8730,0.0
8731,1.3
8732,2.5
8733,1.1
8734,0.0
8735,0.0
8736,0.0
8737,0.0
8738,0.0
8739,0.0
8740,0.0
8741,0.0
8742,0.0
8743,15.1
8744,6.1
8745,0.0
8746,0.0
8747,6.9
8748,0.5
8749,0.0
8750,4.4
8751,7.9
8752,5.1
8753,1.5
8754,0.0
8755,0.0
8756,0.0
8757,0.0
8758,1.5
8759,0.2
8760,6.8
8761,1.9
8762,0.0
8763,0.0
8764,0.6
8765,0.5
