,ocurrencia,cantidad
0,0,0.0
1,0,2.438876
2,0,3.145719
3,0,1.7283201
4,1,7.1099806
5,0,0.0
6,1,3.6148458
7,0,4.748266
8,0,5.4175205
9,0,0.0
10,0,0.0
11,0,0.0
12,0,0.0
13,0,0.0
14,0,0.0
15,0,0.0
16,0,0.0
17,0,0.0
18,0,0.0
19,1,7.1544027
20,0,2.0455298
21,0,1.3778299
22,0,0.0
23,0,0.0
24,0,0.0
25,0,0.0
26,0,0.0
27,0,0.0
28,0,0.0
29,0,0.0
30,0,0.0
31,0,0.0
32,0,0.0
33,0,0.0
34,0,0.0
35,0,0.0
36,0,0.0
37,0,2.5367763
38,0,0.0
39,0,0.0
40,0,0.0
41,0,0.0
42,0,0.0
43,0,0.0
44,0,0.0
45,0,0.0
46,0,0.0
47,0,0.0
48,1,0.0
49,1,12.477405
50,0,2.9400892
51,1,0.0
52,1,4.249492
53,0,0.0
54,1,7.4901867
55,1,11.911998
56,1,7.4897346
57,0,0.0
58,0,0.0
59,0,0.0
60,0,0.0
61,0,0.0
62,0,0.0
63,0,0.0
64,0,0.0
65,0,0.0
66,0,0.0
67,0,0.0
68,0,0.0
69,0,0.0
70,0,0.0
71,0,0.0
72,0,0.0
73,0,0.0
74,0,0.0
75,0,0.0
76,0,0.0
77,0,0.0
78,0,0.0
79,0,0.0
80,0,1.5620885
81,0,0.0
82,0,0.0
83,0,2.1083312
84,0,6.254641
85,1,13.519633
86,0,2.0491812
87,1,7.4876943
88,1,6.9095054
89,0,0.0
90,0,0.0
91,0,0.0
92,0,0.0
93,0,0.0
94,0,0.0
95,0,0.0
96,0,0.0
97,0,0.0
98,0,0.0
99,0,1.2658035
100,0,5.2110476
101,1,10.7550535
102,1,6.1777306
103,1,4.630828
104,0,2.7223995
105,0,0.0
106,0,0.0
107,0,0.0
108,1,5.937671
109,0,1.900121
110,0,0.0
111,0,3.295839
112,0,0.0
113,0,2.5649214
114,0,4.7026978
115,0,1.2150677
116,0,0.0
117,0,3.1730528
118,0,3.6125016
119,0,0.0
120,0,0.0
121,0,0.0
122,0,0.0
123,0,0.0
124,1,5.156295
125,1,2.5111516
126,0,2.612658
127,0,0.0
128,0,0.0
129,0,0.0
130,0,0.0
131,0,0.0
132,0,0.0
133,0,0.0
134,0,0.0
135,0,0.0
136,0,0.0
137,0,0.0
138,0,0.0
139,0,0.0
140,0,0.0
141,0,0.0
142,0,0.0
143,0,0.0
144,0,0.0
145,0,0.0
146,0,0.0
147,0,0.0
148,0,0.0
149,0,0.0
150,0,0.0
151,0,2.6029246
152,0,0.0
153,0,1.7475642
154,0,3.3731613
155,0,0.0
156,0,0.0
157,0,0.0
158,0,0.0
159,0,0.0
160,0,0.0
161,0,0.0
162,0,0.0
163,0,0.0
164,0,0.0
165,0,1.0006069
166,0,0.0
167,0,0.0
168,0,0.0
169,0,0.0
170,0,0.0
171,0,0.0
172,0,0.0
173,0,2.5541735
174,0,0.0
175,0,0.0
176,0,0.0
177,0,0.0
178,0,0.0
179,0,2.9541433
180,0,4.720041
181,0,0.0
182,0,0.0
183,0,0.0
184,0,0.0
185,0,0.0
186,0,0.0
187,0,0.0
188,0,0.0
189,0,0.0
190,0,0.0
191,0,0.0
192,0,0.0
193,0,0.0
194,0,0.0
195,0,0.0
196,0,0.0
197,0,0.0
198,0,0.0
199,0,0.0
200,0,0.0
201,0,0.0
202,0,0.0
203,0,0.0
204,0,0.0
205,0,0.0
206,0,0.0
207,0,0.0
208,0,0.0
209,0,0.0
210,0,0.0
211,0,0.0
212,0,0.0
213,0,0.0
214,0,0.0
215,0,0.0
216,0,0.0
217,0,0.0
218,0,0.0
219,0,0.0
220,0,0.0
221,0,0.0
222,0,0.0
223,0,0.0
224,0,0.0
225,0,0.0
226,0,0.0
227,0,0.0
228,0,0.0
229,0,0.0
230,0,0.0
231,0,0.0
232,0,0.0
233,0,2.0418615
234,0,0.0
235,0,0.0
236,0,0.0
237,0,0.0
238,0,0.0
239,0,1.4890513
240,0,0.0
241,0,0.0
242,0,0.0
243,0,0.0
244,0,0.0
245,0,0.0
246,0,2.3137965
247,0,0.0
248,0,0.0
249,0,0.0
250,0,0.0
251,0,0.0
252,0,0.0
253,0,0.0
254,0,0.0
255,0,0.0
256,0,0.0
257,0,0.0
258,0,0.0
259,0,0.0
260,0,0.0
261,0,0.0
262,0,0.0
263,0,0.0
264,0,0.0
265,0,0.0
266,0,0.0
267,0,0.0
268,0,0.0
269,0,0.0
270,0,0.0
271,0,2.8463466
272,1,11.688259
273,0,10.048022
274,0,6.777114
275,0,0.0
276,0,0.0
277,0,0.0
278,0,0.0
279,0,0.0
280,0,0.0
281,0,0.0
282,0,0.0
283,0,0.0
284,0,3.2292185
285,0,0.0
286,1,1.8529224
287,0,0.0
288,1,5.2033505
289,1,2.1452813
290,0,0.0
291,1,7.633804
292,0,1.1272762
293,0,2.6706953
294,0,0.0
295,0,0.0
296,0,3.1055372
297,1,12.654409
298,1,6.7473145
299,1,8.758917
300,1,7.595882
301,0,0.0
302,0,0.0
303,1,9.447195
304,0,0.0
305,0,0.0
306,0,0.0
307,0,0.0
308,0,0.0
309,0,0.0
310,0,0.0
311,0,1.5712794
312,1,5.7904963
313,0,2.8498363
314,0,0.0
315,0,0.0
316,0,0.0
317,0,0.0
318,1,11.949048
319,0,2.1091156
320,0,0.0
321,0,0.0
322,0,0.0
323,0,0.0
324,0,1.4005756
325,1,15.127127
326,1,7.683615
327,0,3.771184
328,0,0.0
329,0,1.2827511
330,0,0.0
331,0,0.0
332,0,0.0
333,1,5.105367
334,0,3.333767
335,0,0.0
336,1,1.7969426
337,0,2.3224366
338,1,5.4467993
339,1,5.1940384
340,0,1.5135444
341,0,0.0
342,1,11.197006
343,0,0.0
344,0,0.0
345,0,0.0
346,0,0.0
347,0,0.0
348,0,0.0
349,0,0.0
350,0,0.0
351,0,4.038878
352,0,0.0
353,0,0.0
354,0,0.0
355,0,0.0
356,0,0.0
357,0,0.0
358,0,0.0
359,0,0.0
360,0,3.3102336
361,0,0.0
362,0,0.0
363,0,0.0
364,0,0.0
365,0,0.0
366,0,0.0
367,0,0.0
368,0,0.0
369,0,0.0
370,0,0.0
371,0,0.0
372,0,0.0
373,0,0.0
374,0,0.0
375,0,0.0
376,0,0.0
377,0,0.0
378,0,0.0
379,0,0.0
380,0,0.0
381,0,0.0
382,0,0.0
383,0,0.0
384,0,0.0
385,0,0.0
386,0,0.0
387,0,0.0
388,0,0.0
389,0,0.0
390,0,2.0098774
391,0,1.4251242
392,0,0.0
393,0,0.0
394,0,2.612266
395,0,2.949419
396,0,0.0
397,0,0.0
398,0,0.0
399,0,0.0
400,0,0.0
401,0,0.0
402,0,0.0
403,0,0.0
404,0,0.0
405,0,0.0
406,0,0.0
407,0,0.0
408,0,0.0
409,0,0.0
410,0,0.0
411,0,0.0
412,0,0.0
413,0,0.0
414,0,0.0
415,0,8.48636
416,1,10.481439
417,1,4.6070924
418,0,4.618873
419,1,11.301934
420,1,6.971429
421,0,2.8280878
422,0,0.0
423,0,0.0
424,0,0.0
425,0,0.0
426,0,0.0
427,0,0.0
428,0,0.0
429,0,0.0
430,0,0.0
431,0,0.0
432,0,0.0
433,0,0.0
434,0,0.0
435,0,0.0
436,1,11.286985
437,0,1.6527263
438,0,0.0
439,0,0.0
440,0,0.0
441,0,0.0
442,0,0.0
443,0,0.0
444,0,0.0
445,0,0.0
446,0,0.0
447,0,0.0
448,1,5.036186
449,0,3.2480512
450,0,5.516269
451,0,5.9326963
452,1,10.227395
453,1,6.9691534
454,1,1.6906679
455,0,1.2022467
456,1,11.979509
457,0,0.0
458,0,0.0
459,0,0.0
460,0,0.0
461,0,0.0
462,0,0.0
463,0,6.7888417
464,0,1.7538784
465,0,0.0
466,0,0.0
467,0,0.0
468,0,0.0
469,0,0.0
470,0,1.2147776
471,0,0.0
472,0,1.446376
473,0,0.0
474,0,0.0
475,0,0.0
476,0,2.1923497
477,0,0.0
478,0,0.0
479,0,0.0
480,0,0.0
481,0,0.0
482,0,0.0
483,1,4.093548
484,0,1.5788906
485,0,2.8773048
486,1,6.324077
487,1,7.4827914
488,1,5.3053384
489,0,0.0
490,0,0.0
491,0,0.0
492,0,0.0
493,0,0.0
494,1,4.0408545
495,1,4.775034
496,1,5.129395
497,0,0.0
498,0,0.0
499,0,0.0
500,0,0.0
501,0,0.0
502,0,0.0
503,0,0.0
504,0,0.0
505,0,0.0
506,1,4.320975
507,1,4.854436
508,0,1.0599006
509,1,2.1871433
510,1,0.0
511,0,0.0
512,0,0.0
513,0,0.0
514,0,0.0
515,0,0.0
516,0,0.0
517,0,0.0
518,0,0.0
519,0,0.0
520,0,0.0
521,0,0.0
522,0,0.0
523,1,2.4238696
524,0,0.0
525,0,0.0
526,0,0.0
527,0,0.0
528,0,0.0
529,0,0.0
530,0,0.0
531,0,0.0
532,0,0.0
533,0,0.0
534,0,0.0
535,0,0.0
536,0,0.0
537,0,0.0
538,0,0.0
539,0,0.0
540,0,0.0
541,0,0.0
542,0,0.0
543,0,0.0
544,0,0.0
545,0,0.0
546,0,0.0
547,0,0.0
548,0,0.0
549,0,0.0
550,0,0.0
551,0,0.0
552,1,4.2490487
553,0,0.0
554,0,0.0
555,0,0.0
556,0,0.0
557,0,0.0
558,0,0.0
559,0,0.0
560,0,0.0
561,0,0.0
562,0,0.0
563,0,0.0
564,0,0.0
565,0,0.0
566,0,0.0
567,0,0.0
568,0,0.0
569,0,0.0
570,0,0.0
571,0,0.0
572,0,0.0
573,0,0.0
574,0,0.0
575,0,0.0
576,0,0.0
577,0,0.0
578,0,0.0
579,0,0.0
580,0,0.0
581,0,0.0
582,0,0.0
583,0,0.0
584,0,0.0
585,0,3.4987211
586,0,3.5917957
587,0,0.0
588,0,0.0
589,0,0.0
590,0,0.0
591,0,0.0
592,0,0.0
593,0,0.0
594,0,1.4454855
595,0,3.1226315
596,0,0.0
597,0,0.0
598,0,0.0
599,0,0.0
600,0,0.0
601,0,0.0
602,0,0.0
603,0,0.0
604,0,0.0
605,0,0.0
606,0,0.0
607,0,0.0
608,0,0.0
609,0,0.0
610,0,2.6956768
611,0,4.604889
612,0,2.8115392
613,0,1.197929
614,0,0.0
615,0,2.6892066
616,0,0.0
617,0,0.0
618,0,0.0
619,0,0.0
620,0,0.0
621,0,0.0
622,0,0.0
623,0,0.0
624,0,0.0
625,0,0.0
626,0,0.0
627,0,0.0
628,0,0.0
629,0,0.0
630,0,0.0
631,0,0.0
632,0,0.0
633,0,0.0
634,0,0.0
635,0,0.0
636,0,0.0
637,0,0.0
638,0,0.0
639,0,0.0
640,0,0.0
641,0,0.0
642,0,0.0
643,0,0.0
644,0,2.1196408
645,0,2.258828
646,0,2.3880787
647,0,3.5954013
648,0,0.0
649,0,0.0
650,0,0.0
651,0,0.0
652,0,0.0
653,0,0.0
654,0,0.0
655,0,0.0
656,0,7.280957
657,1,10.260938
658,0,6.111559
659,0,2.5529022
660,0,0.0
661,0,0.0
662,0,0.0
663,0,3.9103446
664,0,0.0
665,1,16.31789
666,0,2.6393034
667,0,2.1258268
668,0,0.0
669,0,0.0
670,0,0.0
671,0,0.0
672,0,0.0
673,0,1.4868808
674,0,2.0876977
675,0,0.0
676,0,0.0
677,0,0.0
678,0,0.0
679,0,0.0
680,0,0.0
681,0,0.0
682,0,0.0
683,0,0.0
684,0,0.0
685,0,0.0
686,0,0.0
687,0,0.0
688,0,0.0
689,0,0.0
690,0,0.0
691,0,0.0
692,0,0.0
693,0,0.0
694,0,0.0
695,0,0.0
696,0,0.0
697,0,0.0
698,0,0.0
699,0,0.0
700,1,10.842425
701,0,1.6833315
702,0,3.7029753
703,0,4.154775
704,0,0.0
705,0,0.0
706,0,0.0
707,0,0.0
708,0,0.0
709,0,0.0
710,0,0.0
711,0,0.0
712,0,0.0
713,0,0.0
714,0,0.0
715,0,0.0
716,0,0.0
717,0,0.0
718,0,0.0
719,0,0.0
720,0,0.0
721,0,0.0
722,0,0.0
723,0,0.0
724,0,0.0
725,0,0.0
726,0,0.0
727,0,0.0
728,0,0.0
729,0,0.0
730,0,0.0
731,0,0.0
732,0,0.0
733,0,0.0
734,0,0.0
735,0,0.0
736,0,0.0
737,0,0.0
738,0,0.0
739,0,0.0
740,0,0.0
741,0,0.0
742,0,0.0
743,0,0.0
744,0,0.0
745,0,0.0
746,0,0.0
747,0,0.0
748,0,0.0
749,0,0.0
750,0,0.0
751,0,0.0
752,0,0.0
753,0,0.0
754,0,0.0
755,0,0.0
756,0,0.0
757,0,0.0
758,0,0.0
759,0,0.0
760,0,0.0
761,0,0.0
762,0,0.0
763,0,0.0
764,0,0.0
765,0,0.0
766,0,0.0
767,0,2.1755357
768,1,4.217331
769,0,0.0
770,0,0.0
771,0,0.0
772,0,0.0
773,0,0.0
774,0,0.0
775,0,0.0
776,0,0.0
777,0,0.0
778,0,0.0
779,0,0.0
780,0,0.0
781,0,0.0
782,0,0.0
783,0,0.0
784,0,4.0211763
785,0,3.7973995
786,0,3.1695237
787,0,3.2776015
788,0,5.3203063
789,0,2.9916015
790,0,0.0
791,0,1.944622
792,0,3.0524907
793,0,0.0
794,0,0.0
795,0,0.0
796,0,0.0
797,0,0.0
798,0,0.0
799,0,0.0
800,0,1.8124667
801,1,4.0524015
802,0,1.5679276
803,0,1.1783968
804,0,0.0
805,0,0.0
806,0,0.0
807,0,0.0
808,0,0.0
809,0,0.0
810,1,6.1019998
811,0,1.6309408
812,0,6.214577
813,0,0.0
814,0,3.4742956
815,0,3.3671756
816,0,0.0
817,0,1.7617588
818,0,0.0
819,0,0.0
820,0,0.0
821,0,0.0
822,1,5.506737
823,0,2.2204838
824,0,0.0
825,0,0.0
826,0,0.0
827,0,2.8377552
828,0,2.656087
829,0,0.0
830,0,0.0
831,0,0.0
832,0,0.0
833,0,0.0
834,0,3.4416285
835,0,0.0
836,0,0.0
837,0,0.0
838,0,1.2434254
839,0,0.0
840,0,0.0
841,0,0.0
842,0,0.0
843,0,2.521038
844,0,0.0
845,0,0.0
846,0,0.0
847,0,0.0
848,0,0.0
849,0,0.0
850,0,0.0
851,0,0.0
852,0,0.0
853,0,0.0
854,0,0.0
855,0,0.0
856,0,0.0
857,0,0.0
858,0,0.0
859,0,4.789372
860,0,1.8264866
861,0,4.4837217
862,1,6.8417835
863,0,3.5295618
864,0,0.0
865,0,0.0
866,0,4.450244
867,0,0.0
868,0,0.0
869,0,0.0
870,0,0.0
871,0,0.0
872,0,0.0
873,0,0.0
874,0,0.0
875,0,0.0
876,0,0.0
877,0,0.0
878,0,1.6110737
879,1,4.8674116
880,0,1.5854052
881,1,3.6696777
882,0,2.23521
883,1,3.2365794
884,0,2.4865239
885,0,0.0
886,0,0.0
887,0,0.0
888,0,0.0
889,0,0.0
890,0,0.0
891,0,0.0
892,0,1.7889706
893,0,3.5032594
894,0,1.3574172
895,0,0.0
896,0,0.0
897,0,0.0
898,0,0.0
899,0,0.0
900,0,0.0
901,0,0.0
902,0,0.0
903,0,0.0
904,0,0.0
905,0,0.0
906,0,0.0
907,0,0.0
908,0,0.0
909,0,0.0
910,0,0.0
911,0,0.0
912,0,0.0
913,0,0.0
914,0,0.0
915,0,0.0
916,0,0.0
917,0,0.0
918,0,0.0
919,0,1.205666
920,0,0.0
921,0,0.0
922,0,0.0
923,0,0.0
924,0,0.0
925,0,0.0
926,0,0.0
927,0,0.0
928,0,0.0
929,0,0.0
930,0,0.0
931,0,0.0
932,0,0.0
933,0,0.0
934,0,0.0
935,0,0.0
936,0,0.0
937,0,0.0
938,0,2.4990363
939,0,3.3132849
940,0,0.0
941,0,0.0
942,0,0.0
943,0,0.0
944,0,0.0
945,0,0.0
946,0,0.0
947,0,0.0
948,0,0.0
949,0,0.0
950,0,0.0
951,0,2.2097242
952,0,1.6723583
953,0,0.0
954,0,0.0
955,0,0.0
956,0,0.0
957,0,0.0
958,0,0.0
959,0,0.0
960,0,0.0
961,0,0.0
962,0,0.0
963,0,0.0
964,0,0.0
965,0,0.0
966,0,0.0
967,0,0.0
968,0,0.0
969,0,0.0
970,0,0.0
971,0,0.0
972,0,0.0
973,0,0.0
974,0,0.0
975,0,0.0
976,0,0.0
977,0,0.0
978,0,0.0
979,0,0.0
980,0,0.0
981,0,0.0
982,0,0.0
983,0,0.0
984,0,0.0
985,0,0.0
986,0,0.0
987,0,0.0
988,0,0.0
989,0,0.0
990,0,0.0
991,0,0.0
992,0,0.0
993,0,0.0
994,0,0.0
995,0,0.0
996,0,0.0
997,0,0.0
998,0,0.0
999,0,0.0
1000,0,0.0
1001,0,0.0
1002,0,0.0
1003,0,0.0
1004,0,0.0
1005,0,0.0
1006,0,0.0
1007,0,0.0
1008,0,0.0
1009,0,0.0
1010,0,0.0
1011,0,0.0
1012,0,0.0
1013,1,2.9695077
1014,1,3.7225292
1015,1,6.5656986
1016,0,0.0
1017,0,0.0
1018,0,0.0
1019,0,0.0
1020,1,2.2827048
1021,0,0.0
1022,0,0.0
1023,0,1.5884877
1024,0,0.0
1025,0,2.748473
1026,0,0.0
1027,0,0.0
1028,0,0.0
1029,0,0.0
1030,0,0.0
1031,1,14.495439
1032,0,0.0
1033,0,7.3884106
1034,0,0.0
1035,0,0.0
1036,0,0.0
1037,0,1.3986381
1038,0,0.0
1039,0,0.0
1040,0,0.0
1041,0,0.0
1042,0,0.0
1043,0,0.0
1044,0,0.0
1045,0,0.0
1046,0,0.0
1047,1,9.447146
1048,1,4.1039915
1049,0,3.1097627
1050,0,0.0
1051,0,0.0
1052,0,0.0
1053,0,0.0
1054,0,0.0
1055,0,0.0
1056,0,0.0
1057,0,0.0
1058,0,0.0
1059,0,0.0
1060,0,2.8302493
1061,0,1.1128324
1062,0,2.4433422
1063,0,0.0
1064,0,0.0
1065,1,2.5583107
1066,1,10.254968
1067,0,0.0
1068,0,0.0
1069,0,0.0
1070,0,0.0
1071,0,0.0
1072,0,0.0
1073,0,0.0
1074,0,0.0
1075,0,0.0
1076,0,0.0
1077,0,0.0
1078,0,0.0
1079,0,0.0
1080,0,0.0
1081,0,0.0
1082,0,0.0
1083,0,0.0
1084,0,0.0
1085,0,0.0
1086,0,0.0
1087,0,0.0
1088,0,0.0
1089,0,0.0
1090,1,4.5641875
1091,0,1.7045639
1092,0,0.0
1093,0,0.0
1094,0,0.0
1095,0,0.0
1096,0,0.0
1097,0,0.0
1098,0,0.0
1099,0,0.0
1100,0,0.0
1101,1,6.8401356
1102,0,3.964488
1103,0,0.0
1104,0,0.0
1105,0,0.0
1106,0,0.0
1107,0,0.0
1108,0,0.0
1109,0,0.0
1110,1,2.6801744
1111,1,4.888646
1112,0,0.0
1113,0,0.0
1114,0,0.0
1115,0,0.0
1116,0,0.0
1117,0,0.0
1118,0,0.0
1119,0,0.0
1120,0,0.0
1121,0,0.0
1122,0,3.0825615
1123,0,0.0
1124,1,5.3896785
1125,0,0.0
1126,0,0.0
1127,0,0.0
1128,0,0.0
1129,0,1.8760186
1130,0,0.0
1131,0,0.0
1132,0,0.0
1133,0,0.0
1134,0,0.0
1135,0,0.0
1136,0,0.0
1137,0,0.0
1138,0,0.0
1139,0,0.0
1140,0,0.0
1141,0,0.0
1142,0,0.0
1143,0,1.7286308
1144,1,3.8178663
1145,0,3.713194
1146,0,3.5743113
1147,0,1.3983884
1148,0,3.193817
1149,0,3.2904937
1150,0,1.6759816
1151,1,6.799625
1152,1,8.276654
1153,0,0.0
1154,0,0.0
1155,0,0.0
1156,0,0.0
1157,0,2.523465
1158,1,6.7234435
1159,0,0.0
1160,0,0.0
1161,0,0.0
1162,0,0.0
1163,0,0.0
1164,0,0.0
1165,0,0.0
1166,0,0.0
1167,0,0.0
1168,0,0.0
1169,0,0.0
1170,0,0.0
1171,1,9.4684515
1172,1,7.5325065
1173,1,4.927021
1174,1,3.5372093
1175,0,2.5474758
1176,0,1.7545019
1177,1,8.451597
1178,0,1.8023198
1179,0,0.0
1180,0,0.0
1181,0,3.9125972
1182,0,0.0
1183,0,1.0186763
1184,0,0.0
1185,0,0.0
1186,0,0.0
1187,0,0.0
1188,0,0.0
1189,0,2.0254433
1190,0,2.9215543
1191,1,4.54301
1192,0,0.0
1193,0,0.0
1194,0,2.5007522
1195,0,1.6881441
1196,0,0.0
1197,0,0.0
1198,0,0.0
1199,0,2.428802
1200,0,2.797122
1201,0,1.5663451
1202,0,2.0466285
1203,0,0.0
1204,0,0.0
1205,0,0.0
1206,1,6.114001
1207,1,7.3018007
1208,0,4.084601
1209,0,0.0
1210,0,0.0
1211,0,0.0
1212,0,0.0
1213,0,0.0
1214,0,0.0
1215,0,0.0
1216,0,0.0
1217,0,0.0
1218,1,4.286822
1219,1,1.6207834
1220,0,0.0
1221,0,0.0
1222,0,0.0
1223,0,0.0
1224,0,0.0
1225,0,0.0
1226,0,2.6295176
1227,0,1.623041
1228,0,0.0
1229,0,0.0
1230,0,0.0
1231,0,0.0
1232,0,0.0
1233,0,0.0
1234,0,0.0
1235,0,0.0
1236,0,0.0
1237,0,0.0
1238,0,0.0
1239,0,0.0
1240,0,0.0
1241,0,0.0
1242,0,0.0
1243,0,0.0
1244,0,1.2917979
1245,0,0.0
1246,0,0.0
1247,0,0.0
1248,0,0.0
1249,0,0.0
1250,0,0.0
1251,0,0.0
1252,0,0.0
1253,0,0.0
1254,0,0.0
1255,0,3.7827997
1256,0,0.0
1257,0,0.0
1258,0,0.0
1259,0,1.8137147
1260,1,2.1532285
1261,0,3.441251
1262,0,2.808927
1263,0,4.341151
1264,0,2.4582949
1265,0,0.0
1266,0,0.0
1267,0,0.0
1268,0,0.0
1269,0,0.0
1270,0,2.3631153
1271,0,0.0
1272,0,0.0
1273,0,0.0
1274,0,0.0
1275,0,0.0
1276,0,0.0
1277,0,0.0
1278,0,0.0
1279,0,0.0
1280,0,0.0
1281,0,0.0
1282,0,0.0
1283,0,0.0
1284,0,0.0
1285,0,0.0
1286,0,0.0
1287,0,0.0
1288,1,2.097867
1289,0,2.4754953
1290,0,3.3095498
1291,0,1.7615727
1292,0,0.0
1293,0,0.0
1294,0,1.5033722
1295,0,3.2414799
1296,0,0.0
1297,0,0.0
1298,0,0.0
1299,0,0.0
1300,0,0.0
1301,0,0.0
1302,0,0.0
1303,0,0.0
1304,0,0.0
1305,0,0.0
1306,0,0.0
1307,0,0.0
1308,0,0.0
1309,0,0.0
1310,0,0.0
1311,0,0.0
1312,0,0.0
1313,0,0.0
1314,0,0.0
1315,0,0.0
1316,0,0.0
1317,0,0.0
1318,0,0.0
1319,0,0.0
1320,0,0.0
1321,0,0.0
1322,0,0.0
1323,0,0.0
1324,0,1.4060522
1325,0,0.0
1326,0,0.0
1327,0,0.0
1328,0,0.0
1329,0,0.0
1330,0,0.0
1331,0,0.0
1332,0,0.0
1333,0,0.0
1334,0,0.0
1335,0,0.0
1336,0,0.0
1337,0,0.0
1338,0,0.0
1339,0,0.0
1340,0,0.0
1341,0,0.0
1342,0,0.0
1343,0,0.0
1344,0,0.0
1345,1,1.0018338
1346,0,0.0
1347,0,0.0
1348,0,1.9783859
1349,0,1.6636508
1350,1,3.5053697
1351,0,0.0
1352,0,0.0
1353,0,0.0
1354,0,0.0
1355,0,0.0
1356,0,0.0
1357,0,0.0
1358,0,1.2462257
1359,1,12.446122
1360,0,0.0
1361,0,2.427296
1362,0,0.0
1363,0,0.0
1364,0,0.0
1365,0,0.0
1366,0,0.0
1367,0,0.0
1368,0,4.8693104
1369,0,0.0
1370,0,3.6382852
1371,0,0.0
1372,0,0.0
1373,0,0.0
1374,0,0.0
1375,0,0.0
1376,0,0.0
1377,0,0.0
1378,0,1.9100109
1379,0,0.0
1380,0,0.0
1381,0,0.0
1382,0,0.0
1383,0,0.0
1384,1,2.790876
1385,1,9.942624
1386,1,9.440086
1387,1,6.6843905
1388,1,11.594536
1389,0,1.5365965
1390,1,11.00712
1391,1,10.483526
1392,0,6.3027654
1393,1,13.099716
1394,1,8.167813
1395,0,3.232914
1396,0,0.0
1397,0,0.0
1398,0,0.0
1399,0,0.0
1400,0,0.0
1401,0,3.4059942
1402,1,7.9272103
1403,1,3.3206768
1404,0,0.0
1405,0,0.0
1406,1,6.7581024
1407,1,5.0497117
1408,0,0.0
1409,0,0.0
1410,0,0.0
1411,0,0.0
1412,0,0.0
1413,0,0.0
1414,1,1.5222796
1415,1,15.406773
1416,0,0.0
1417,0,1.0573181
1418,0,0.0
1419,0,0.0
1420,0,0.0
1421,0,0.0
1422,0,1.8272265
1423,1,16.115105
1424,1,13.559399
1425,0,0.0
1426,0,0.0
1427,0,3.2099867
1428,0,0.0
1429,0,0.0
1430,0,0.0
1431,0,3.7574902
1432,0,0.0
1433,0,0.0
1434,0,6.028124
1435,0,0.0
1436,0,0.0
1437,0,1.3806937
1438,0,0.0
1439,0,0.0
1440,0,0.0
1441,0,0.0
1442,0,0.0
1443,0,0.0
1444,0,0.0
1445,0,0.0
1446,0,0.0
1447,0,0.0
1448,0,0.0
1449,0,0.0
1450,0,0.0
1451,0,0.0
1452,0,0.0
1453,0,0.0
1454,0,0.0
1455,0,0.0
1456,0,0.0
1457,0,0.0
1458,0,0.0
1459,0,0.0
1460,0,0.0
1461,0,0.0
1462,0,0.0
1463,0,0.0
1464,0,0.0
1465,0,0.0
1466,0,0.0
1467,0,0.0
1468,0,0.0
1469,0,0.0
1470,0,0.0
1471,0,0.0
1472,0,0.0
1473,0,0.0
1474,0,0.0
1475,0,1.0625768
1476,0,0.0
1477,0,0.0
1478,0,0.0
1479,0,0.0
1480,0,0.0
1481,0,0.0
1482,1,3.978434
1483,0,1.728792
1484,0,0.0
1485,0,2.5378132
1486,0,2.1851156
1487,0,0.0
1488,0,0.0
1489,1,6.63942
1490,1,3.4564152
1491,0,1.2583617
1492,0,0.0
1493,0,0.0
1494,1,4.486397
1495,0,0.0
1496,0,0.0
1497,0,0.0
1498,0,1.5166416
1499,1,11.324439
1500,0,0.0
1501,0,0.0
1502,0,0.0
1503,0,0.0
1504,0,0.0
1505,0,0.0
1506,0,0.0
1507,0,4.7278976
1508,0,0.0
1509,0,0.0
1510,1,0.0
1511,1,6.449794
1512,0,0.0
1513,0,1.1979375
1514,0,0.0
1515,0,0.0
1516,0,0.0
1517,0,0.0
1518,0,0.0
1519,0,0.0
1520,0,0.0
1521,0,0.0
1522,0,0.0
1523,0,0.0
1524,0,0.0
1525,0,0.0
1526,0,0.0
1527,0,0.0
1528,0,0.0
1529,0,0.0
1530,0,0.0
1531,0,0.0
1532,0,0.0
1533,0,0.0
1534,0,0.0
1535,0,0.0
1536,0,0.0
1537,0,0.0
1538,0,0.0
1539,0,0.0
1540,0,0.0
1541,0,0.0
1542,0,0.0
1543,0,0.0
1544,0,0.0
1545,0,2.9270372
1546,1,4.5741196
1547,0,2.6615558
1548,0,0.0
1549,0,0.0
1550,0,3.8740876
1551,1,5.4178867
1552,1,4.0406585
1553,0,0.0
1554,0,0.0
1555,0,2.7476377
1556,0,2.3403857
1557,0,2.346314
1558,0,2.7082982
1559,0,4.367225
1560,0,0.0
1561,0,1.43234
1562,0,2.4169514
1563,0,0.0
1564,0,0.0
1565,0,0.0
1566,0,0.0
1567,0,0.0
1568,0,0.0
1569,0,0.0
1570,0,0.0
1571,0,0.0
1572,0,0.0
1573,0,0.0
1574,0,0.0
1575,1,8.906632
1576,1,7.2223783
1577,0,2.9522204
1578,0,3.2257907
1579,0,0.0
1580,1,5.120706
1581,0,0.0
1582,1,7.3869023
1583,0,3.605705
1584,0,0.0
1585,0,0.0
1586,0,0.0
1587,0,0.0
1588,0,0.0
1589,0,0.0
1590,0,0.0
1591,0,0.0
1592,0,2.1625113
1593,0,2.3701365
1594,0,0.0
1595,0,0.0
1596,0,0.0
1597,0,0.0
1598,0,0.0
1599,0,0.0
1600,1,9.612594
1601,1,5.9559345
1602,1,5.335083
1603,1,2.4440444
1604,1,5.0165195
1605,0,3.118105
1606,0,1.2854612
1607,0,0.0
1608,0,0.0
1609,0,0.0
1610,0,0.0
1611,0,0.0
1612,0,0.0
1613,0,0.0
1614,0,0.0
1615,0,0.0
1616,0,0.0
1617,0,0.0
1618,0,0.0
1619,0,0.0
1620,0,1.8152874
1621,0,0.0
1622,0,0.0
1623,0,1.6449353
1624,0,2.3652816
1625,1,8.348738
1626,0,0.0
1627,1,7.992702
1628,1,4.6476936
1629,0,1.1786685
1630,0,0.0
1631,0,0.0
1632,0,0.0
1633,0,0.0
1634,0,0.0
1635,0,0.0
1636,0,0.0
1637,0,0.0
1638,0,0.0
1639,0,0.0
1640,0,0.0
1641,0,0.0
1642,0,0.0
1643,0,0.0
1644,0,0.0
1645,0,0.0
1646,0,0.0
1647,0,0.0
1648,0,2.4869876
1649,0,0.0
1650,0,0.0
1651,0,0.0
1652,0,0.0
1653,0,0.0
1654,0,0.0
1655,0,0.0
1656,0,0.0
1657,0,0.0
1658,0,0.0
1659,0,0.0
1660,0,0.0
1661,0,0.0
1662,0,0.0
1663,0,0.0
1664,0,0.0
1665,0,0.0
1666,0,0.0
1667,0,0.0
1668,0,0.0
1669,0,0.0
1670,0,0.0
1671,0,0.0
1672,0,0.0
1673,0,0.0
1674,0,0.0
1675,0,0.0
1676,0,0.0
1677,0,0.0
1678,0,0.0
1679,0,0.0
1680,0,0.0
1681,0,0.0
1682,0,0.0
1683,0,0.0
1684,0,0.0
1685,0,0.0
1686,0,0.0
1687,0,0.0
1688,0,0.0
1689,0,0.0
1690,0,0.0
1691,0,0.0
1692,0,0.0
1693,0,0.0
1694,0,0.0
1695,0,0.0
1696,0,0.0
1697,1,5.5857606
1698,1,2.7103128
1699,0,0.0
1700,0,0.0
1701,0,0.0
1702,0,0.0
1703,0,0.0
1704,0,0.0
1705,0,0.0
1706,0,0.0
1707,0,0.0
1708,0,0.0
1709,0,0.0
1710,0,0.0
1711,0,0.0
1712,0,0.0
1713,0,0.0
1714,0,0.0
1715,0,2.8000317
1716,0,3.204548
1717,0,1.9586545
1718,0,1.8172327
1719,0,1.2945898
1720,0,0.0
1721,0,0.0
1722,0,0.0
1723,0,0.0
1724,0,4.605533
1725,0,0.0
1726,0,0.0
1727,0,0.0
1728,0,0.0
1729,0,0.0
1730,0,0.0
1731,0,1.2828742
1732,0,5.5847616
1733,0,5.9663854
1734,0,4.602479
1735,0,5.277203
1736,1,3.7592518
1737,0,0.0
1738,0,0.0
1739,0,0.0
1740,0,0.0
1741,0,0.0
1742,0,0.0
1743,0,0.0
1744,0,0.0
1745,0,0.0
1746,0,0.0
1747,0,0.0
1748,0,0.0
1749,0,0.0
1750,0,0.0
1751,0,0.0
1752,0,0.0
1753,0,0.0
1754,0,0.0
1755,0,0.0
1756,0,0.0
1757,1,3.448538
1758,0,0.0
1759,0,0.0
1760,0,0.0
1761,0,0.0
1762,0,0.0
1763,0,0.0
1764,0,0.0
1765,0,0.0
1766,0,0.0
1767,0,0.0
1768,0,0.0
1769,0,0.0
1770,0,0.0
1771,0,0.0
1772,0,0.0
1773,0,0.0
1774,0,0.0
1775,0,0.0
1776,0,0.0
1777,0,0.0
1778,0,0.0
1779,0,0.0
1780,0,0.0
1781,0,0.0
1782,0,0.0
1783,1,12.245628
1784,1,19.274223
1785,0,1.452735
1786,1,3.0223835
1787,0,0.0
1788,0,0.0
1789,0,0.0
1790,0,0.0
1791,0,0.0
1792,0,0.0
1793,0,0.0
1794,0,0.0
1795,0,0.0
1796,0,0.0
1797,0,0.0
1798,0,0.0
1799,0,0.0
1800,0,0.0
1801,0,0.0
1802,0,0.0
1803,0,0.0
1804,0,0.0
1805,0,0.0
1806,0,0.0
1807,0,0.0
1808,0,0.0
1809,0,0.0
1810,0,0.0
1811,0,0.0
1812,1,3.847976
1813,1,0.0
1814,1,1.2642202
1815,0,2.874298
1816,0,3.8868546
1817,0,0.0
1818,0,0.0
1819,0,0.0
1820,0,2.3103535
1821,0,0.0
1822,0,0.0
1823,0,0.0
1824,0,0.0
1825,0,0.0
1826,0,0.0
1827,1,6.1251693
1828,1,8.534908
1829,0,0.0
1830,0,0.0
1831,0,0.0
1832,0,0.0
1833,0,0.0
1834,0,0.0
1835,0,0.0
1836,0,1.2859389
1837,0,0.0
1838,0,2.8261304
1839,0,1.2640839
1840,0,0.0
1841,0,0.0
1842,0,0.0
1843,0,0.0
1844,0,0.0
1845,0,0.0
1846,0,0.0
1847,0,0.0
1848,0,0.0
1849,0,0.0
1850,0,0.0
1851,0,0.0
1852,0,0.0
1853,0,0.0
1854,0,0.0
1855,0,0.0
1856,0,0.0
1857,0,1.8372585
1858,0,0.0
1859,1,3.740664
1860,0,0.0
1861,0,0.0
1862,0,0.0
1863,0,0.0
1864,0,0.0
1865,0,0.0
1866,0,0.0
1867,0,0.0
1868,0,0.0
1869,0,0.0
1870,0,1.8509061
1871,0,0.0
1872,0,0.0
1873,0,0.0
1874,0,4.657607
1875,0,2.2139826
1876,0,0.0
1877,0,0.0
1878,0,0.0
1879,0,0.0
1880,1,1.887356
1881,0,0.0
1882,0,0.0
1883,0,0.0
1884,0,1.3189437
1885,0,0.0
1886,0,0.0
1887,0,0.0
1888,0,0.0
1889,0,0.0
1890,0,0.0
1891,0,0.0
1892,0,0.0
1893,0,0.0
1894,0,0.0
1895,0,0.0
1896,0,0.0
1897,0,0.0
1898,0,0.0
1899,0,0.0
1900,0,0.0
1901,0,0.0
1902,0,1.5420885
1903,0,2.1276007
1904,0,2.4184175
1905,0,0.0
1906,0,0.0
1907,0,0.0
1908,0,0.0
1909,0,0.0
1910,0,0.0
1911,0,0.0
1912,0,0.0
1913,0,0.0
1914,0,0.0
1915,0,0.0
1916,0,0.0
1917,0,0.0
1918,0,0.0
1919,0,0.0
1920,0,0.0
1921,0,0.0
1922,0,0.0
1923,1,8.246907
1924,1,13.730127
1925,1,13.706114
1926,1,11.381972
1927,0,1.4171939
1928,0,0.0
1929,0,0.0
1930,0,0.0
1931,0,0.0
1932,0,4.029637
1933,1,7.2735095
1934,1,9.820948
1935,1,13.632937
1936,1,4.080401
1937,0,0.0
1938,0,0.0
1939,0,0.0
1940,0,0.0
1941,0,0.0
1942,0,0.0
1943,0,0.0
1944,0,0.0
1945,0,0.0
1946,0,0.0
1947,0,0.0
1948,0,0.0
1949,0,0.0
1950,0,0.0
1951,0,0.0
1952,0,0.0
1953,0,2.919546
1954,1,6.8975873
1955,1,2.3337066
1956,1,4.0810065
1957,0,0.0
1958,0,0.0
1959,1,4.3534
1960,0,2.8981552
1961,0,3.952115
1962,1,3.0126605
1963,0,0.0
1964,0,2.367168
1965,0,0.0
1966,0,0.0
1967,0,0.0
1968,0,1.1248485
1969,1,8.84343
1970,0,0.0
1971,1,2.7761602
1972,0,0.0
1973,0,0.0
1974,0,0.0
1975,0,4.423571
1976,1,7.4483924
1977,1,3.2120404
1978,0,0.0
1979,0,0.0
1980,0,0.0
1981,0,0.0
1982,0,0.0
1983,0,0.0
1984,0,0.0
1985,0,0.0
1986,1,3.5006616
1987,0,3.3502603
1988,0,0.0
1989,0,0.0
1990,0,0.0
1991,0,0.0
1992,0,0.0
1993,0,1.3970871
1994,0,0.0
1995,0,0.0
1996,0,0.0
1997,0,0.0
1998,0,0.0
1999,0,0.0
2000,0,4.703032
2001,0,0.0
2002,0,0.0
2003,0,0.0
2004,0,0.0
2005,0,0.0
2006,0,0.0
2007,0,0.0
2008,0,0.0
2009,0,0.0
2010,0,0.0
2011,0,0.0
2012,0,2.75842
2013,0,0.0
2014,0,0.0
2015,0,0.0
2016,0,0.0
2017,0,0.0
2018,0,0.0
2019,0,0.0
2020,0,0.0
2021,0,0.0
2022,0,0.0
2023,0,0.0
2024,0,0.0
2025,0,0.0
2026,0,0.0
2027,0,0.0
2028,0,0.0
2029,0,0.0
2030,0,0.0
2031,0,0.0
2032,0,0.0
2033,0,0.0
2034,0,0.0
2035,0,0.0
2036,0,0.0
2037,0,0.0
2038,0,0.0
2039,0,0.0
2040,0,0.0
2041,0,0.0
2042,0,0.0
2043,0,0.0
2044,0,0.0
2045,0,0.0
2046,0,0.0
2047,0,0.0
2048,0,0.0
2049,0,0.0
2050,0,0.0
2051,0,0.0
2052,0,0.0
2053,0,0.0
2054,0,0.0
2055,0,0.0
2056,0,0.0
2057,0,0.0
2058,0,0.0
2059,0,0.0
2060,0,0.0
2061,0,0.0
2062,0,0.0
2063,0,0.0
2064,0,0.0
2065,0,0.0
2066,0,0.0
2067,0,0.0
2068,0,0.0
2069,0,0.0
2070,0,0.0
2071,0,0.0
2072,0,0.0
2073,0,0.0
2074,0,2.7156074
2075,0,2.5600872
2076,0,0.0
2077,0,0.0
2078,0,4.2970233
2079,0,0.0
2080,0,0.0
2081,0,0.0
2082,0,0.0
2083,0,0.0
2084,0,0.0
2085,0,0.0
2086,0,0.0
2087,0,4.207619
2088,0,0.0
2089,0,0.0
2090,0,2.3565326
2091,0,3.980444
2092,0,1.5795897
2093,0,0.0
2094,0,0.0
2095,0,0.0
2096,0,0.0
2097,0,0.0
2098,0,0.0
2099,0,0.0
2100,0,0.0
2101,0,0.0
2102,0,0.0
2103,0,0.0
2104,0,0.0
2105,0,0.0
2106,0,0.0
2107,0,0.0
2108,0,0.0
2109,0,0.0
2110,1,4.915566
2111,1,3.8336697
2112,0,2.4507198
2113,0,0.0
2114,0,0.0
2115,0,0.0
2116,0,1.0630846
2117,1,4.3078594
2118,0,2.6488261
2119,0,1.0018479
2120,0,2.1626222
2121,1,8.04813
2122,0,0.0
2123,0,0.0
2124,0,0.0
2125,0,0.0
2126,0,0.0
2127,1,5.3473086
2128,0,0.0
2129,0,1.63854
2130,1,15.310537
2131,0,3.3563366
2132,0,0.0
2133,0,1.1606772
2134,1,3.6467876
2135,0,0.0
2136,0,0.0
2137,0,1.0764245
2138,0,0.0
2139,0,0.0
2140,0,0.0
2141,0,0.0
2142,0,0.0
2143,0,0.0
2144,0,0.0
2145,0,0.0
2146,0,0.0
2147,0,0.0
2148,0,0.0
2149,0,0.0
2150,0,0.0
2151,0,0.0
2152,0,0.0
2153,0,0.0
2154,0,0.0
2155,0,0.0
2156,0,0.0
2157,0,0.0
2158,0,0.0
2159,1,7.6924825
2160,0,4.425853
2161,0,3.2827084
2162,0,0.0
2163,0,0.0
2164,0,0.0
2165,0,0.0
2166,0,0.0
2167,1,5.245516
2168,0,5.3043337
2169,0,3.5632043
2170,0,0.0
2171,0,0.0
2172,0,0.0
2173,1,4.8003206
2174,0,0.0
2175,0,0.0
2176,0,0.0
2177,0,0.0
2178,0,0.0
2179,0,0.0
2180,0,0.0
2181,0,0.0
2182,0,0.0
2183,0,0.0
2184,0,0.0
2185,0,0.0
2186,0,0.0
2187,1,5.005136
2188,1,3.077359
2189,0,1.3865197
2190,0,0.0
2191,0,1.2840638
